Workbook

Sheet README
A1: NATO-area aviation resilience baseline
A2: Version | B2: Working baseline v0.1 — 23 September 2026
A3: Research question | B3: Does the rate, severity, or character of aviation information/infrastructure failures or non-hostile military aircraft losses during the Iran-war period depart from a longer historical baseline?
A4: Observation window | B4: 28 Feb 2026 – 23 Sep 2026
A5: Control design | B5: 2016–2019 pre-COVID; 2020–2021 COVID/low exposure; 2022–2025 post-COVID/Ukraine-war; 1 Jan–27 Feb 2026 immediate pre-war control.
A6: Core rule | B6: Do not infer a common cause from clustering. Civil ATM/infrastructure, GNSS/EW interference, military accidents, and VIP aviation-security events remain separate streams until evidence connects them.
A7: Civil scope | B7: EUROCONTROL Network Manager area / European ATM where official longitudinal data are available. This is not identical to NATO membership and is retained as a regional control series.
A8: Military scope | B8: NATO-member military aircraft: non-hostile losses/serious accidents. Event-level historical backfill remains a separate workstream because no single NATO-wide public series has yet been identified.
A9: Cause coding | B9: confirmed digital/IT; confirmed electrical; GNSS/EW; mechanical/physical; collision; hostile fire; friendly fire; unresolved; no evidence of digital involvement.
A10: Interpretation warning | B10: Raw annual counts are not comparable without exposure. COVID years are flagged and flight-normalised metrics should be preferred where available.
A12: New causal layer | B12: Causal_Taxonomy defines exactly what 'why' means; Causal_Event_Ledger records proximate cause, resilience failure, confidence, digital relevance, war/EW relevance, and explanation status.
A13: Critical distinction | B13: 'No public evidence of digital involvement' is NOT the same as 'digital involvement ruled out'.
A14: Interpretation | B14: The ledger must be backfilled under identical inclusion rules before annual proportions are treated as comparative statistics.
... A34: Military limitation | B34: The UK 2026 military accidents remain too unresolved/recent for mechanism matching; compare investigation maturity now and mechanism later.

Sheet Civil_Annual_Baseline
A1: Year | B1: Regime | C1: Flights_millions | D1: Traffic_value_status | E1: Enroute_ATFM_min_per_flight | F1: Airport_ATFM_min_per_flight | G1: Total_ATFM_min_per_flight | H1: Context / caveat | I1: Primary source URL
A2: 2016 | B2: Pre-COVID | C2: 10.163 | D2: approx from official avg daily traffic | E2: 0.86 | F2: 0.67 | G2: 1.53 | H2: High-traffic pre-COVID control. Official report records multiple radar, frequency, VOR, ILS and radio-navigation disruptions. | I2: https://www.eurocontrol.int/sites/default/files/publication/files/nm-annual-network-operations-report-2016-main-report.pdf
A3: 2017 | B3: Pre-COVID | C3: 10.606 | D3: approx from official avg daily traffic | E3: 0.88 | F3: 0.62 | G3: 1.5 | H3: High-traffic pre-COVID control. | I3: https://www.eurocontrol.int/publication/annual-network-operations-report-2017
A4: 2018 | B4: Pre-COVID | C4: 11.011 | D4: approx from official avg daily traffic | E4: 1.73 | F4: 0.6 | G4: 2.33 | H4: Severe network-delay year; useful noisy-year control. Included major Network Manager technical outage. | I4: https://www.eurocontrol.int/publication/annual-network-operations-report-2018
A5: 2019 | B5: Pre-COVID | C5: 11.106 | D5: approx from official avg daily traffic | E5: 1.57 | F5: 0.6 | G5: 2.17 | H5: Pre-pandemic traffic peak; EUROCONTROL described 2019 delay as third-worst of prior decade despite improvement vs 2018. | I5: https://www.eurocontrol.int/publication/annual-network-operations-report-2019
A6: 2020 | B6: COVID | C6: 4.971 | D6: approx from official avg daily traffic | E6: 0.33 | F6: 0.2 | G6: 0.53 | H6: COVID exposure collapse. EUROCONTROL cautions against in-depth comparison with previous years. | I6: https://www.eurocontrol.int/publication/annual-network-operations-report-2020
A7: 2021 | B7: COVID | C7: 6.2 | D7: official annual figure | E7: 0.29 | F7: 0.18 | G7: 0.47 | H7: 56% of 2019 traffic; recovery year. | I7: https://www.eurocontrol.int/publication/annual-network-operations-report-2021
A8: 2022 | B8: Post-COVID / Ukraine war | C8: 9.3 | D8: official annual figure | E8: 1.8 | F8: 0.4 | G8: 2.2 | H8: Ukraine airspace closure and increased military operations explicitly identified as network challenges. | I8: https://www.eurocontrol.int/publication/annual-network-operations-report-2022
A9: 2023 | B9: Post-COVID / Ukraine war | C9: 10.2 | D9: official annual figure | E9: 1.8 | H9: Ukraine closure, increased military operations, weather and Middle East instability affected network. | I9: https://www.eurocontrol.int/publication/annual-network-operations-report-2023
A10: 2024 | B10: Post-COVID / Ukraine war | C10: 10.66 | D10: derived from 2025 11.1m being +4.1% YoY | E10: 2.13 | H10: En-route ATFM delay reached worst level since 2001; increased military training/exercise requirements also noted. | I10: https://www.eurocontrol.int/publication/annual-network-operations-report-2024
A11: 2025 | B11: Post-COVID / Ukraine war | C11: 11.1 | D11: official annual figure | E11: 1.66 | H11: Performance improved vs 2024/2023 despite traffic growth; Middle East instability and increased military airspace requirements noted. | I11: https://www.eurocontrol.int/publication/annual-network-operations-report-2025

Sheet Official_Disruption_Examples
A1: Date | B1: Year | C1: Location | D1: System/event | E1: Official impact | F1: Classification | G1: Why retained | H1: Source URL
A2: 2016-01-18 | B2: 2016 | C2: Frankfurt/Main | D2: VOR unserviceability | E2: 2,452 ATFM delay min | F2: radio-navigation | G2: Historical technical-failure comparator | H2: https://www.eurocontrol.int/sites/default/files/publication/files/nm-annual-network-operations-report-2016-main-report.pdf
A3: 2016-01-21 | B3: 2016 | C3: Istanbul airports | D3: Radar and frequency problems | E3: 12,656 ATFM delay min | F3: surveillance/comms | G3: Historical technical-failure comparator | H3: https://www.eurocontrol.int/sites/default/files/publication/files/nm-annual-network-operations-report-2016-main-report.pdf
A4: 2016-02-04 | B4: 2016 | C4: Frankfurt/Main | D4: ILS unserviceability | E4: 1,295 ATFM delay min | F4: navigation/landing aid | G4: Historical technical-failure comparator | H4: https://www.eurocontrol.int/sites/default/files/publication/files/nm-annual-network-operations-report-2016-main-report.pdf
A5: 2016-02-20 | B5: 2016 | C5: Zurich | D5: Radio-navigation / direction-finder problems | E5: 1,024 ATFM delay min | F5: radio-navigation | G5: Historical technical-failure comparator | H5: https://www.eurocontrol.int/sites/default/files/publication/files/nm-annual-network-operations-report-2016-main-report.pdf
A6: 2018-04-03 | B6: 2018 | C6: EUROCONTROL Network Manager | D6: Network Manager technical-system outage | E6: Contingency plan; precautionary capacity/departure-rate reductions | F6: central ATM technical system | G6: Large historical system-outage comparator | H6: https://www.eurocontrol.int/publication/annual-network-operations-report-2018
A7: 2024-07 | B7: 2024 | C7: EUROCONTROL network | D7: High en-route ATFM delay month | E7: 6,940,504 ATFM delay min; 6.5 min/flight total | F7: network performance | G7: Shows severe non-2026 operational month; not itself a technical outage | H7: https://www.eurocontrol.int/press-release/july-2024-overview-network-performance

Sheet 2026_Comparison_Framework
A1: Period | B1: Start | C1: End | D1: Role | E1: Civil ATM / infrastructure | F1: GNSS/EW | G1: Military non-hostile | H1: VIP aviation | I1: Status
A2: Immediate pre-war control | B2: 2026-01-01 | C2: 2026-02-27 | D2: Internal control | E2: Backfill required | F2: Backfill required | G2: Backfill required | H2: Backfill required | I2: OPEN
A3: Iran-war observation | B3: 2026-02-28 | C3: 2026-09-23 | D3: Observation | E3: Event dataset exists; official-stat backfill in progress | F3: Documented interference environment; quantify separately | G3: Event dataset exists; historical denominator/backfill required | H3: Event dataset exists | I3: IN PROGRESS

Sheet Source_Register
A1: Source family | B1: Coverage | C1: Use | D1: Official URL
A2: EUROCONTROL Annual Network Operations Reports | B2: 2016–2025 | C2: Traffic exposure; ATFM delay; network disruptions; ACC/airport technical events | D2: https://www.eurocontrol.int/network-performance
A3: EUROCONTROL Performance Review Reports | B3: Longitudinal | C3: En-route ATFM performance and historical comparison | D3: https://www.eurocontrol.int/publication/performance-review-report-prr-2025
A4: EUROCONTROL CODA / All-causes delay | B4: Annual | C4: Passenger-facing delay/cancellation context | D4: https://www.eurocontrol.int/publication/all-causes-delays-air-transport-europe-annual-2024
A5: EASA Annual Safety Review | B5: Annual / 10-year comparisons | C5: ATM/ANS safety occurrence and system-component-failure context | D5: https://www.easa.europa.eu/en/publication-types/annual-safety-review
A6: National military safety / service inquiries | B6: Event-level | C6: Military accident cause and investigation outcome | D6: To be populated per NATO member

Sheet Backfill_Queue
A1: Priority | B1: Workstream | C1: Task | D1: Why needed | E1: Status
A2: P0 | B2: 2026 civil | C2: Extract Jan–27 Feb and 28 Feb–23 Sep 2026 official EUROCONTROL monthly/weekly technical-disruption metrics | D2: Creates same-year before/after comparison | E2: OPEN
A3: P0 | B3: Military | C3: Build 2016–2025 NATO-member non-hostile military aircraft loss/serious-accident series from national official investigators | D3: Tests whether 2026 military-loss count is abnormal | E3: IN PROGRESS
A4: P0 | B4: Military | C4: Add flying-hours / sortie exposure where official national data permit | D4: Raw crash counts otherwise confounded by activity | E4: OPEN
A5: P1 | B5: Civil technical | C5: Extract annual event-level equipment/technical disruptions from EUROCONTROL reports 2016–2025 | D5: Tests severity and character, not just generic delay | E5: IN PROGRESS
A6: P1 | B6: GNSS/EW | C6: Build annual interference series and geography separately | D6: Prevents conflating known interference environment with accident causation | E6: OPEN
A7: P1 | B7: EASA | C7: Extract ATM/ANS serious incidents and system-component-failure series consistently | D7: Independent safety outcome check | E7: OPEN
A8: P2 | B8: VIP | C8: Backfill significant NATO VIP aviation-safety/security events with identical threshold | D8: Contextual stream; likely sparse | E8: OPEN

Sheet Causal_Taxonomy
A1: Causal code | B1: Definition | C1: Digital relevance default | D1: Use rule
A2: software_failure | B2: Software defect, crash, timing/race condition, corrupted processing | C2: confirmed causal | D2: Only where source identifies software
A3: network_connectivity | B3: Internal network/data connectivity failure | C3: confirmed causal | D3: Network path/connectivity explicitly identified
A4: power_failure | B4: Primary electrical supply failure | C4: not inherently digital | D4: Keep backup behaviour separately
A5: backup_failure | B5: Redundancy/backup system failed when demanded | C5: resilience failure | D5: Secondary cause / resilience field
A6: hardware_failure | B6: Identified physical computing/ATM equipment failure | C6: possible/confirmed | D6: Do not collapse into software
A7: comms_failure | B7: Voice/radio/data communications failure | C7: information-system relevant | D7: Specify voice/radio/datalink where known
A8: surveillance_failure | B8: Radar/ADS-B/surveillance degradation | C8: information-system relevant | D8: Specify sensor/system where known
A9: flight_data_processing | B9: Flight-plan/trajectory processing failure | C9: confirmed causal | D9: ATM processing layer
A10: datalink_cpdlc | B10: Controller–pilot datalink failure | C10: confirmed causal | D10: CPDLC/datalink only
A11: gnss_jamming | B11: Intentional denial/degradation of GNSS | C11: confirmed EW if established | D11: Do not infer from navigation anomaly alone
A12: gnss_spoofing | B12: Counterfeit GNSS signals causing false PNT | C12: confirmed EW if established | D12: Do not infer from navigation anomaly alone
... A26: unknown_no_public_explanation | B26: No adequate public causal account found | C26: unknown | D26: Use only after reasonable source search

Sheet Causal_Event_Ledger
A1: Date | B1: Period | C1: Country/region | D1: Stream | E1: Operator/system | F1: Event | G1: Proximate cause | H1: Secondary/resilience cause | I1: Mechanism/detail | J1: Cause confidence | K1: Digital relevance | L1: War/EW relevance | M1: Hostile action | N1: Public explanation status | O1: Impact/severity | P1: Why this row matters | Q1: Primary source URL | R1: Notes / next check
A2: 2016-01-18 | B2: Pre-COVID baseline | C2: Germany | D2: civil ATM/infrastructure | E2: Frankfurt/Main | F2: VOR unserviceability | G2: hardware_failure | I2: VOR/navigation aid unavailable | J2: official reported | K2: information-system relevant | L2: none demonstrated | M2: no | N2: explained at system level | O2: 2,452 ATFM delay min | P2: Historical navigation-system failure comparator | Q2: https://www.eurocontrol.int/sites/default/files/publication/files/nm-annual-network-operations-report-2016-main-report.pdf | R2: Underlying component root cause not extracted yet
A3: 2016-01-21 | B3: Pre-COVID baseline | C3: Türkiye | D3: civil ATM/infrastructure | E3: Istanbul airports | F3: Radar and frequency problems | G3: surveillance_failure | H3: comms_failure | I3: Radar plus frequency problems | J3: official reported | K3: information-system relevant | L3: none demonstrated | M3: no | N3: explained at system level | O3: 12,656 ATFM delay min | P3: Large pre-war surveillance/comms comparator | Q3: https://www.eurocontrol.int/sites/default/files/publication/files/nm-annual-network-operations-report-2016-main-report.pdf
A4: 2016-02-04 | B4: Pre-COVID baseline | C4: Germany | D4: civil ATM/infrastructure | E4: Frankfurt/Main | F4: ILS unserviceability | G4: hardware_failure | I4: Instrument landing system unavailable | J4: official reported | K4: information-system relevant | L4: none demonstrated | M4: no | N4: explained at system level | O4: 1,295 ATFM delay min | P4: Historical landing/navigation failure comparator | Q4: https://www.eurocontrol.int/sites/default/files/publication/files/nm-annual-network-operations-report-2016-main-report.pdf
A5: 2016-02-20 | B5: Pre-COVID baseline | C5: Switzerland | D5: civil ATM/infrastructure | E5: Zurich | F5: Radio-navigation / direction-finder problems | G5: hardware_failure | I5: Radio-navigation equipment problem | J5: official reported | K5: information-system relevant | L5: none demonstrated | M5: no | N5: explained at system level | O5: 1,024 ATFM delay min | P5: Historical radio-navigation comparator | Q5: https://www.eurocontrol.int/sites/default/files/publication/files/nm-annual-network-operations-report-2016-main-report.pdf
A6: 2018-04-03 | B6: Pre-COVID baseline | C6: EUROCONTROL area | D6: civil ATM/infrastructure | E6: Network Manager | F6: Central technical-system outage | G6: hardware_failure | I6: NM technical system unavailable; contingency capacity reductions | J6: official reported | K6: information-system relevant | L6: none demonstrated | M6: no | N6: explained at system level | O6: Network-wide contingency measures | P6: Major pre-2026 central-system outage comparator | Q6: https://www.eurocontrol.int/publication/annual-network-operations-report-2018 | R6: Need deeper report extraction for exact root cause
A7: 2024-07-19 | B7: Post-COVID / Ukraine-war baseline | C7: Europe/US | D7: civil airline/airport IT | E7: Multiple carriers/airports | F7: CrowdStrike/Microsoft-related disruption | G7: software_failure | I7: Cloud-based systems used by carriers affected; passenger booking/check-in impacted | J7: confirmed external technical event | K7: confirmed causal | L7: none demonstrated | M7: no | N7: explained | O7: Widespread carrier/airport disruption | P7: Excellent non-war-period mass digital-failure comparator | Q7: https://www.eurocontrol.int/sites/default/files/2025-05/eurocontrol-annual-network-operations-report-2024.pdf | R7: Do not treat as ATM failure; airline/airport IT layer
A8: 2026-03-25 | B8: Iran-war observation | C8: Europe | D8: GNSS/EW environment | E8: EASA/EUROCONTROL | F8: Joint GNSS interference action plan | G8: gnss_jamming | I8: Interference regular near conflict zones; safety/resilience threat | J8: official assessment | K8: confirmed environmental | L8: documented wartime EW environment | M8: not an accident | N8: publicly acknowledged threat | O8: European action plan launched | P8: Marks official recognition of wartime PNT threat | Q8: https://www.easa.europa.eu/en/newsroom-and-events/press-releases/easa-and-eurocontrol-publish-joint-action-plan-ensure-safe | R8: Environmental row, not causal attribution to a crash
A9: 2026-07-03 | B9: Iran-war observation | C9: Europe/neighbouring airspace | D9: GNSS/EW environment | E9: EASA | F9: GNSS SIB Revision 4 | G9: gnss_jamming | H9: gnss_spoofing | I9: Recent jamming/spoofing occurrences prompted new mitigations | J9: official assessment | K9: confirmed environmental | L9: documented wartime/conflict-zone relevance | M9: not an accident | N9: publicly acknowledged threat | O9: Operational/training/ATC mitigations | P9: Shows interference severity/sophistication is independently documented | Q9: https://www.easa.europa.eu/en/newsroom-and-events/news/easa-updates-safety-information-bulletin-gnss-interference
A10: 2026-09-17 | B10: Iran-war observation | C10: NATO/European FIRs | D10: GNSS/EW environment | E10: EASA monitoring | F10: Multiple FIRs affected by GNSS interference | G10: gnss_jamming | H10: gnss_spoofing | I10: Affected FIR list includes Ankara, Istanbul, Bucharest, Sofia, Warsaw, Tallinn, Helsinki, Riga, Vilnius | J10: official monitoring | K10: confirmed environmental | L10: documented conflict-zone-linked interference | M10: not an accident | N10: publicly acknowledged threat | O10: Multi-country information environment | P10: Provides geographic overlap without proving incident causation | Q10: https://www.easa.europa.eu/en/domains/air-operations/global-navigation-satellite-system-outages-and-alterations | R10: Snapshot dated 17 Sep 2026
A11: 2023-06-03 | B11: Post-COVID / Ukraine-war baseline | C11: Germany | D11: civil ATM/infrastructure | E11: München ACC | F11: ICAS2 ATM-system transition | G11: flight_data_processing | I11: Transition to new ATM system ICAS2 | J11: official reported | K11: information-system relevant | L11: none demonstrated | M11: no | N11: explained at system level | O11: 111,766 ATFM delay min | P11: Large software/system-change comparator | Q11: https://www.eurocontrol.int/sites/default/files/2023-07/eurocontrol-nm-monthly-network-operations-report-june-2023.pdf | R11: Not necessarily a fault: retained as system-transition disruption
A12: 2023-06-01 | B12: Post-COVID / Ukraine-war baseline | C12: France | D12: civil ATM/infrastructure | E12: Paris ACC | F12: New FDPS implementation | G12: flight_data_processing | I12: Implementation of new flight-data-processing system | J12: official reported | K12: information-system relevant | L12: none demonstrated | M12: no | N12: explained at system level | O12: 19,986 ATFM delay min during month | P12: Shows major disruption can arise from planned digital-system change | Q12: https://www.eurocontrol.int/sites/default/files/2023-07/eurocontrol-nm-monthly-network-operations-report-june-2023.pdf | R12: Date coded to month start because report gives monthly total
A13: 2023-06-03 | B13: Post-COVID / Ukraine-war baseline | C13: Greece | D13: civil ATM/infrastructure | E13: Athens ACC | F13: Radar issues | G13: surveillance_failure | I13: Radar issues on 3 and 11 June | J13: official reported | K13: information-system relevant | L13: none demonstrated | M13: no | N13: explained at system level | O13: 4,496 ATFM delay min | P13: Direct surveillance-system comparator | Q13: https://www.eurocontrol.int/sites/default/files/2023-07/eurocontrol-nm-monthly-network-operations-report-june-2023.pdf
A14: 2023-06-14 | B14: Post-COVID / Ukraine-war baseline | C14: United Kingdom | D14: civil ATM/infrastructure | E14: London ACC | F14: Computer system failure | G14: hardware_failure | I14: Computer system failure | J14: official reported | K14: information-system relevant | L14: none demonstrated | M14: no | N14: explained at system level | O14: 12,450 ATFM delay min | P14: Very useful pre-2026 UK digital-system comparator | Q14: https://www.eurocontrol.int/sites/default/files/2023-07/eurocontrol-nm-monthly-network-operations-report-june-2023.pdf | R14: Root component not specified in monthly report
A15: 2023-06-15 | B15: Post-COVID / Ukraine-war baseline | C15: Spain | D15: civil ATM/infrastructure | E15: Palma de Mallorca | F15: ATC equipment issues | G15: hardware_failure | I15: ATC equipment issues on 15 and 30 June | J15: official reported | K15: information-system relevant | L15: none demonstrated | M15: no | N15: explained at system level | O15: 1,596 ATFM delay min | P15: Airport ATC-equipment comparator | Q15: https://www.eurocontrol.int/sites/default/files/2023-07/eurocontrol-nm-monthly-network-operations-report-june-2023.pdf
A16: 2023-06-24 | B16: Post-COVID / Ukraine-war baseline | C16: France | D16: civil ATM/infrastructure | E16: Reims ACC | F16: IT services failure | G16: network_connectivity | I16: IT services failure | J16: official reported | K16: confirmed causal | L16: none demonstrated | M16: no | N16: explained at system level | O16: 3,631 ATFM delay min | P16: Explicit IT-services failure comparator | Q16: https://www.eurocontrol.int/sites/default/files/2023-07/eurocontrol-nm-monthly-network-operations-report-june-2023.pdf
A17: 2023-06-30 | B17: Post-COVID / Ukraine-war baseline | C17: Spain | D17: civil ATM/infrastructure | E17: Barcelona ACC | F17: FDPS failure | G17: flight_data_processing | I17: Flight-data-processing-system failure | J17: official reported | K17: confirmed causal | L17: none demonstrated | M17: no | N17: explained at system level | O17: 6,909 ATFM delay min | P17: Explicit flight-data-processing failure comparator | Q17: https://www.eurocontrol.int/sites/default/files/2023-07/eurocontrol-nm-monthly-network-operations-report-june-2023.pdf
A18: 2023-06-30 | B18: Post-COVID / Ukraine-war baseline | C18: Spain | D18: civil ATM/infrastructure | E18: Ibiza airport | F18: ATC equipment failure | G18: hardware_failure | I18: ATC equipment failure | J18: official reported | K18: information-system relevant | L18: none demonstrated | M18: no | N18: explained at system level | O18: 2,278 ATFM delay min | P18: Airport equipment-failure comparator | Q18: https://www.eurocontrol.int/sites/default/files/2023-07/eurocontrol-nm-monthly-network-operations-report-june-2023.pdf
A19: 2023-06-01 | B19: Post-COVID / Ukraine-war baseline | C19: Greece | D19: civil ATM/infrastructure | E19: Athens airport | F19: Radar issues | G19: surveillance_failure | I19: Radar issues throughout June | J19: official reported | K19: information-system relevant | L19: none demonstrated | M19: no | N19: explained at system level | O19: 56,728 ATFM delay min | P19: Large sustained surveillance degradation comparator | Q19: https://www.eurocontrol.int/sites/default/files/2023-07/eurocontrol-nm-monthly-network-operations-report-june-2023.pdf | R19: Month-level event
A20: 2024-08-01 | B20: Post-COVID / Ukraine-war baseline | C20: France | D20: civil ATM/infrastructure | E20: Brest ACC | F20: ATC frequency issues | G20: comms_failure | I20: Frequency issues throughout August | J20: official reported | K20: information-system relevant | L20: none demonstrated | M20: no | N20: explained at system level | O20: 25,499 ATFM delay min | P20: Large sustained communications comparator | Q20: https://www.eurocontrol.int/sites/default/files/2025-05/eurocontrol-annual-network-operations-report-2024.pdf
A21: 2024-08-10 | B21: Post-COVID / Ukraine-war baseline | C21: France/Germany/Netherlands/Austria | D21: civil ATM/infrastructure | E21: Reims/Bordeaux/Maastricht/Vienna | F21: CPDLC issue | G21: datalink_cpdlc | I21: CPDLC issue limited capacity in several ACCs | J21: official reported | K21: confirmed causal | L21: none demonstrated | M21: no | N21: explained at system level | O21: 3,813 ATFM delay min across listed centres | P21: Networked datalink failure across multiple ACCs | Q21: https://www.eurocontrol.int/sites/default/files/2025-05/eurocontrol-annual-network-operations-report-2024.pdf | R21: Sum of Reims 1,727; Bordeaux 409; Maastricht 1,108; Vienna 569
A22: 2024-08-16 | B22: Post-COVID / Ukraine-war baseline | C22: Norway | D22: civil ATM/infrastructure | E22: Bodø | F22: Power failure | G22: power_failure | I22: Power failure 16–17 August | J22: official reported | K22: not applicable | L22: none demonstrated | M22: no | N22: explained at system level | O22: 6,097 ATFM delay min | P22: Physical infrastructure comparator | Q22: https://www.eurocontrol.int/sites/default/files/2025-05/eurocontrol-annual-network-operations-report-2024.pdf
A23: 2024-09-01 | B23: Post-COVID / Ukraine-war baseline | C23: France | D23: civil ATM/infrastructure | E23: Reims ACC | F23: Data link issue | G23: datalink_cpdlc | I23: Data link issue | J23: official reported | K23: confirmed causal | L23: none demonstrated | M23: no | N23: explained at system level | O23: 4,870 ATFM delay min | P23: Datalink comparator | Q23: https://www.eurocontrol.int/sites/default/files/2025-05/eurocontrol-annual-network-operations-report-2024.pdf
A24: 2024-09-07 | B24: Post-COVID / Ukraine-war baseline | C24: North Atlantic/UK-Ireland service | D24: civil ATM/infrastructure | E24: Shanwick OACC | F24: Oceanic Centre technical issue | G24: hardware_failure | I24: Technical issue with Oceanic Centre systems | J24: official reported | K24: information-system relevant | L24: none demonstrated | M24: no | N24: explained at system level | O24: 1,321 ATFM delay min | P24: Oceanic-control-system comparator | Q24: https://www.eurocontrol.int/sites/default/files/2025-05/eurocontrol-annual-network-operations-report-2024.pdf
A25: 2024-09-23 | B25: Post-COVID / Ukraine-war baseline | C25: Croatia | D25: civil ATM/infrastructure | E25: Zagreb ACC | F25: Communication system failure | G25: comms_failure | I25: Communication system failure | J25: official reported | K25: confirmed causal | L25: none demonstrated | M25: no | N25: explained at system level | O25: 1,113 ATFM delay min | P25: Explicit communications-system failure | Q25: https://www.eurocontrol.int/sites/default/files/2025-05/eurocontrol-annual-network-operations-report-2024.pdf
A26: 2024-09-24 | B26: Post-COVID / Ukraine-war baseline | C26: France | D26: civil ATM/infrastructure | E26: Marseille ACC | F26: Communication system failure | G26: comms_failure | I26: Failure caused precautionary measures in neighbouring ACCs | J26: official reported | K26: confirmed causal | L26: none demonstrated | M26: no | N26: explained at system level | O26: 6,888 min Marseille + 4,245 neighbouring delay | P26: Large communications failure with cross-border propagation | Q26: https://www.eurocontrol.int/sites/default/files/2025-05/eurocontrol-annual-network-operations-report-2024.pdf | R26: Neighbouring: Alger 1,492; Barcelona 1,345; Madrid 1,408
A27: 2024-10-04 | B27: Post-COVID / Ukraine-war baseline | C27: Germany | D27: civil ATM/infrastructure | E27: Karlsruhe UAC / Munich / Bremen | F27: DFS control-centre technical issue | G27: hardware_failure | I27: Technical issue led to capacity reduction across several German centres | J27: official reported | K27: information-system relevant | L27: none demonstrated | M27: no | N27: explained at system level | O27: 42,161 ATFM delay min | P27: Very large multi-centre technical-failure comparator | Q27: https://www.eurocontrol.int/sites/default/files/2025-05/eurocontrol-annual-network-operations-report-2024.pdf
A28: 2024-10-04 | B28: Post-COVID / Ukraine-war baseline | C28: Germany | D28: civil ATM/infrastructure | E28: Bremen | F28: Communication system issue | G28: comms_failure | I28: Issues on 4 and 15 October | J28: official reported | K28: information-system relevant | L28: none demonstrated | M28: no | N28: explained at system level | O28: 2,266 ATFM delay min | P28: Communications comparator | Q28: https://www.eurocontrol.int/sites/default/files/2025-05/eurocontrol-annual-network-operations-report-2024.pdf
A29: 2024-10-20 | B29: Post-COVID / Ukraine-war baseline | C29: Italy | D29: civil ATM/infrastructure | E29: Milano | F29: FDPS failure | G29: flight_data_processing | I29: Flight-data-processing-system failure | J29: official reported | K29: confirmed causal | L29: none demonstrated | M29: no | N29: explained at system level | O29: 9,772 ATFM delay min | P29: Explicit FDPS comparator | Q29: https://www.eurocontrol.int/sites/default/files/2025-05/eurocontrol-annual-network-operations-report-2024.pdf
A30: 2024-11-22 | B30: Post-COVID / Ukraine-war baseline | C30: Germany | D30: civil ATM/infrastructure | E30: Karlsruhe UAC | F30: FDPS instability | G30: flight_data_processing | I30: Flight-data-processing-system instability | J30: official reported | K30: confirmed causal | L30: none demonstrated | M30: no | N30: explained at system level | O30: 4,152 ATFM delay min | P30: Digital instability rather than complete outage | Q30: https://www.eurocontrol.int/sites/default/files/2025-05/eurocontrol-annual-network-operations-report-2024.pdf
A31: 2024-11-23 | B31: Post-COVID / Ukraine-war baseline | C31: Netherlands/France | D31: civil ATM/infrastructure | E31: Maastricht UAC / Bordeaux | F31: Datalink system issues | G31: datalink_cpdlc | I31: Datalink system issues | J31: official reported | K31: confirmed causal | L31: none demonstrated | M31: no | N31: explained at system level | O31: 1,523 ATFM delay min | P31: Networked datalink comparator | Q31: https://www.eurocontrol.int/sites/default/files/2025-05/eurocontrol-annual-network-operations-report-2024.pdf
A32: 2024-12-01 | B32: Post-COVID / Ukraine-war baseline | C32: Spain | D32: civil ATM/infrastructure | E32: Barcelona / Valencia TMA | F32: Local radar issues | G32: surveillance_failure | I32: Local radar issues throughout December | J32: official reported | K32: information-system relevant | L32: none demonstrated | M32: no | N32: explained at system level | O32: 11,537 ATFM delay min | P32: Sustained radar-degradation comparator | Q32: https://www.eurocontrol.int/sites/default/files/2025-05/eurocontrol-annual-network-operations-report-2024.pdf | R32: Month-level event
A33: 2025-06-01 | B33: Post-COVID / Ukraine-war baseline | C33: Europe | D33: civil ATM/infrastructure | E33: European datalink network | F33: CPDLC service degradation | G33: datalink_cpdlc | I33: About 66 hours of flight delay attributed to CPDLC issues in summer comparison | J33: official reported | K33: confirmed causal | L33: none demonstrated | M33: no | N33: explained at system level | O33: ~66 delay hours vs ~500 hours same period 2024 | P33: Quantifies improvement after 2024 datalink resilience work | Q33: https://www.eurocontrol.int/sites/default/files/2025-08/eurocontrol-datalink-summer-performance-report-2025.pdf | R33: Period-level metric rather than one outage
A34: 2025-08-01 | B34: Post-COVID / Ukraine-war baseline | C34: Europe | D34: civil ATM/infrastructure | E34: European datalink network | F34: CPDLC performance | G34: datalink_cpdlc | I34: 57.6 delay hours vs 195.9 hours Aug 2024 despite >20% CPDLC traffic growth | J34: official reported | K34: confirmed causal | L34: none demonstrated | M34: no | N34: explained at system level | O34: 57.6 delay hours | P34: Strong exposure-aware resilience comparator | Q34: https://www.eurocontrol.int/publication/datalink-summer-performance-report-august-2025 | R34: Provider Abort rate 8.6 per 100 hours remained stable

Sheet Causal_Summary
A1: Current causal coding — working snapshot
A2: Metric | B2: Current ledger count
A3: Rows in causal ledger | B3: =COUNTA(Causal_Event_Ledger!A2:A500)
A4: Rows with confirmed environmental GNSS/EW | B4: =COUNTIF(Causal_Event_Ledger!K2:K500,"confirmed environmental")
A5: Rows information-system relevant | B5: =COUNTIF(Causal_Event_Ledger!K2:K500,"information-system relevant")
A6: Rows confirmed causal digital | B6: =COUNTIF(Causal_Event_Ledger!K2:K500,"confirmed causal")
A7: Unknown / no evidence rows | B7: =COUNTIF(Causal_Event_Ledger!K2:K500,"unknown")+COUNTIF(Causal_Event_Ledger!K2:K500,"no evidence either way")
A8: Important | B8: This sheet is descriptive of the backfilled ledger, not a claim about population rates until all years are populated.

Sheet Why_By_Year
A1: Year | B1: comms_failure | C1: surveillance_failure | D1: flight_data_processing | E1: datalink_cpdlc | F1: network_connectivity | G1: power_failure | H1: hardware_failure | I1: software_failure | J1: gnss_jamming | K1: gnss_spoofing | L1: unknown_investigation | M1: Ledger rows
A2: 2016 | B2: =COUNTIFS(Causal_Event_Ledger!$A$2:$A$500,">="&"2016-01-01",Causal_Event_Ledger!$A$2:$A$500,"<="&"2016-12-31",Causal_Event_Ledger!$G$2:$G$500,"comms_failure")+COUNTIFS(Causal_Event_Ledger!$A$2:$A$500,">="&"2016-01-01",Causal_Event_Ledger!$A$2:$A$500,"<="&"2016-12-31",Causal_Event_Ledger!$H$2:$H$500,"comms_failure") | C2: =COUNTIFS(Causal_Event_Ledger!$A$2:$A$500,">="&"2016-01-01",Causal_Event_Ledger!$A$2:$A$500,"<="&"2016-12-31",Causal_Event_Ledger!$G$2:$G$500,"surveillance_failure")+COUNTIFS(Causal_Event_Ledger!$A$2:$A$500,">="&"2016-01-01",Causal_Event_Ledger!$A$2:$A$500,"<="&"2016-12-31",Causal_Event_Ledger!$H$2:$H$500,"surveillance_failure") | D2: =COUNTIFS(Causal_Event_Ledger!$A$2:$A$500,">="&"2016-01-01",Causal_Event_Ledger!$A$2:$A$500,"<="&"2016-12-31",Causal_Event_Ledger!$G$2:$G$500,"flight_data_processing")+COUNTIFS(Causal_Event_Ledger!$A$2:$A$500,">="&"2016-01-01",Causal_Event_Ledger!$A$2:$A$500,"<="&"2016-12-31",Causal_Event_Ledger!$H$2:$H$500,"flight_data_processing") | E2: =COUNTIFS(Causal_Event_Ledger!$A$2:$A$500,">="&"2016-01-01",Causal_Event_Ledger!$A$2:$A$500,"<="&"2016-12-31",Causal_Event_Ledger!$G$2:$G$500,"datalink_cpdlc")+COUNTIFS(Causal_Event_Ledger!$A$2:$A$500,">="&"2016-01-01",Causal_Event_Ledger!$A$2:$A$500,"<="&"2016-12-31",Causal_Event_Ledger!$H$2:$H$500,"datalink_cpdlc") | F2: =COUNTIFS(Causal_Event_Ledger!$A$2:$A$500,">="&"2016-01-01",Causal_Event_Ledger!$A$2:$A$500,"<="&"2016-12-31",Causal_Event_Ledger!$G$2:$G$500,"network_connectivity")+COUNTIFS(Causal_Event_Ledger!$A$2:$A$500,">="&"2016-01-01",Causal_Event_Ledger!$A$2:$A$500,"<="&"2016-12-31",Causal_Event_Ledger!$H$2:$H$500,"network_connectivity") | G2: =COUNTIFS(Causal_Event_Ledger!$A$2:$A$500,">="&"2016-01-01",Causal_Event_Ledger!$A$2:$A$500,"<="&"2016-12-31",Causal_Event_Ledger!$G$2:$G$500,"power_failure")+COUNTIFS(Causal_Event_Ledger!$A$2:$A$500,">="&"2016-01-01",Causal_Event_Ledger!$A$2:$A$500,"<="&"2016-12-31",Causal_Event_Ledger!$H$2:$H$500,"power_failure") | H2: =COUNTIFS(Causal_Event_Ledger!$A$2:$A$500,">="&"2016-01-01",Causal_Event_Ledger!$A$2:$A$500,"<="&"2016-12-31",Causal_Event_Ledger!$G$2:$G$500,"hardware_failure")+COUNTIFS(Causal_Event_Ledger!$A$2:$A$500,">="&"2016-01-01",Causal_Event_Ledger!$A$2:$A$500,"<="&"2016-12-31",Causal_Event_Ledger!$H$2:$H$500,"hardware_failure") | I2: =COUNTIFS(Causal_Event_Ledger!$A$2:$A$500,">="&"2016-01-01",Causal_Event_Ledger!$A$2:$A$500,"<="&"2016-12-31",Causal_Event_Ledger!$G$2:$G$500,"software_failure")+COUNTIFS(Causal_Event_Ledger!$A$2:$A$500,">="&"2016-01-01",Causal_Event_Ledger!$A$2:$A$500,"<="&"2016-12-31",Causal_Event_Ledger!$H$2:$H$500,"software_failure") | J2: =COUNTIFS(Causal_Event_Ledger!$A$2:$A$500,">="&"2016-01-01",Causal_Event_Ledger!$A$2:$A$500,"<="&"2016-12-31",Causal_Event_Ledger!$G$2:$G$500,"gnss_jamming")+COUNTIFS(Causal_Event_Ledger!$A$2:$A$500,">="&"2016-01-01",Causal_Event_Ledger!$A$2:$A$500,"<="&"2016-12-31",Causal_Event_Ledger!$H$2:$H$500,"gnss_jamming") | K2: =COUNTIFS(Causal_Event_Ledger!$A$2:$A$500,">="&"2016-01-01",Causal_Event_Ledger!$A$2:$A$500,"<="&"2016-12-31",Causal_Event_Ledger!$G$2:$G$500,"gnss_spoofing")+COUNTIFS(Causal_Event_Ledger!$A$2:$A$500,">="&"2016-01-01",Causal_Event_Ledger!$A$2:$A$500,"<="&"2016-12-31",Causal_Event_Ledger!$H$2:$H$500,"gnss_spoofing") | L2: =COUNTIFS(Causal_Event_Ledger!$A$2:$A$500,">="&"2016-01-01",Causal_Event_Ledger!$A$2:$A$500,"<="&"2016-12-31",Causal_Event_Ledger!$G$2:$G$500,"unknown_investigation")+COUNTIFS(Causal_Event_Ledger!$A$2:$A$500,">="&"2016-01-01",Causal_Event_Ledger!$A$2:$A$500,"<="&"2016-12-31",Causal_Event_Ledger!$H$2:$H$500,"unknown_investigation") | M2: =COUNTIFS(Causal_Event_Ledger!$A$2:$A$500,">="&"2016-01-01",Causal_Event_Ledger!$A$2:$A$500,"<="&"2016-12-31")
A3: 2017 | B3: =COUNTIFS(Causal_Event_Ledger!$A$2:$A$500,">="&"2017-01-01",Causal_Event_Ledger!$A$2:$A$500,"<="&"2017-12-31",Causal_Event_Ledger!$G$2:$G$500,"comms_failure")+COUNTIFS(Causal_Event_Ledger!$A$2:$A$500,">="&"2017-01-01",Causal_Event_Ledger!$A$2:$A$500,"<="&"2017-12-31",Causal_Event_Ledger!$H$2:$H$500,"comms_failure") | C3: =COUNTIFS(Causal_Event_Ledger!$A$2:$A$500,">="&"2017-01-01",Causal_Event_Ledger!$A$2:$A$500,"<="&"2017-12-31",Causal_Event_Ledger!$G$2:$G$500,"surveillance_failure")+COUNTIFS(Causal_Event_Ledger!$A$2:$A$500,">="&"2017-01-01",Causal_Event_Ledger!$A$2:$A$500,"<="&"2017-12-31",Causal_Event_Ledger!$H$2:$H$500,"surveillance_failure") | D3: =COUNTIFS(Causal_Event_Ledger!$A$2:$A$500,">="&"2017-01-01",Causal_Event_Ledger!$A$2:$A$500,"<="&"2017-12-31",Causal_Event_Ledger!$G$2:$G$500,"flight_data_processing")+COUNTIFS(Causal_Event_Ledger!$A$2:$A$500,">="&"2017-01-01",Causal_Event_Ledger!$A$2:$A$500,"<="&"2017-12-31",Causal_Event_Ledger!$H$2:$H$500,"flight_data_processing") | E3: =COUNTIFS(Causal_Event_Ledger!$A$2:$A$500,">="&"2017-01-01",Causal_Event_Ledger!$A$2:$A$500,"<="&"2017-12-31",Causal_Event_Ledger!$G$2:$G$500,"datalink_cpdlc")+COUNTIFS(Causal_Event_Ledger!$A$2:$A$500,">="&"2017-01-01",Causal_Event_Ledger!$A$2:$A$500,"<="&"2017-12-31",Causal_Event_Ledger!$H$2:$H$500,"datalink_cpdlc") | F3: =COUNTIFS(Causal_Event_Ledger!$A$2:$A$500,">="&"2017-01-01",Causal_Event_Ledger!$A$2:$A$500,"<="&"2017-12-31",Causal_Event_Ledger!$G$2:$G$500,"network_connectivity")+COUNTIFS(Causal_Event_Ledger!$A$2:$A$500,">="&"2017-01-01",Causal_Event_Ledger!$A$2:$A$500,"<="&"2017-12-31",Causal_Event_Ledger!$H$2:$H$500,"network_connectivity") | G3: =COUNTIFS(Causal_Event_Ledger!$A$2:$A$500,">="&"2017-01-01",Causal_Event_Ledger!$A$2:$A$500,"<="&"2017-12-31",Causal_Event_Ledger!$G$2:$G$500,"power_failure")+COUNTIFS(Causal_Event_Ledger!$A$2:$A$500,">="&"2017-01-01",Causal_Event_Ledger!$A$2:$A$500,"<="&"2017-12-31",Causal_Event_Ledger!$H$2:$H$500,"power_failure") | H3: =COUNTIFS(Causal_Event_Ledger!$A$2:$A$500,">="&"2017-01-01",Causal_Event_Ledger!$A$2:$A$500,"<="&"2017-12-31",Causal_Event_Ledger!$G$2:$G$500,"hardware_failure")+COUNTIFS(Causal_Event_Ledger!$A$2:$A$500,">="&"2017-01-01",Causal_Event_Ledger!$A$2:$A$500,"<="&"2017-12-31",Causal_Event_Ledger!$H$2:$H$500,"hardware_failure") | I3: =COUNTIFS(Causal_Event_Ledger!$A$2:$A$500,">="&"2017-01-01",Causal_Event_Ledger!$A$2:$A$500,"<="&"2017-12-31",Causal_Event_Ledger!$G$2:$G$500,"software_failure")+COUNTIFS(Causal_Event_Ledger!$A$2:$A$500,">="&"2017-01-01",Causal_Event_Ledger!$A$2:$A$500,"<="&"2017-12-31",Causal_Event_Ledger!$H$2:$H$500,"software_failure") | J3: =COUNTIFS(Causal_Event_Ledger!$A$2:$A$500,">="&"2017-01-01",Causal_Event_Ledger!$A$2:$A$500,"<="&"2017-12-31",Causal_Event_Ledger!$G$2:$G$500,"gnss_jamming")+COUNTIFS(Causal_Event_Ledger!$A$2:$A$500,">="&"2017-01-01",Causal_Event_Ledger!$A$2:$A$500,"<="&"2017-12-31",Causal_Event_Ledger!$H$2:$H$500,"gnss_jamming") | K3: =COUNTIFS(Causal_Event_Ledger!$A$2:$A$500,">="&"2017-01-01",Causal_Event_Ledger!$A$2:$A$500,"<="&"2017-12-31",Causal_Event_Ledger!$G$2:$G$500,"gnss_spoofing")+COUNTIFS(Causal_Event_Ledger!$A$2:$A$500,">="&"2017-01-01",Causal_Event_Ledger!$A$2:$A$500,"<="&"2017-12-31",Causal_Event_Ledger!$H$2:$H$500,"gnss_spoofing") | L3: =COUNTIFS(Causal_Event_Ledger!$A$2:$A$500,">="&"2017-01-01",Causal_Event_Ledger!$A$2:$A$500,"<="&"2017-12-31",Causal_Event_Ledger!$G$2:$G$500,"unknown_investigation")+COUNTIFS(Causal_Event_Ledger!$A$2:$A$500,">="&"2017-01-01",Causal_Event_Ledger!$A$2:$A$500,"<="&"2017-12-31",Causal_Event_Ledger!$H$2:$H$500,"unknown_investigation") | M3: =COUNTIFS(Causal_Event_Ledger!$A$2:$A$500,">="&"2017-01-01",Causal_Event_Ledger!$A$2:$A$500,"<="&"2017-12-31")
A4: 2018 | B4: =COUNTIFS(Causal_Event_Ledger!$A$2:$A$500,">="&"2018-01-01",Causal_Event_Ledger!$A$2:$A$500,"<="&"2018-12-31",Causal_Event_Ledger!$G$2:$G$500,"comms_failure")+COUNTIFS(Causal_Event_Ledger!$A$2:$A$500,">="&"2018-01-01",Causal_Event_Ledger!$A$2:$A$500,"<="&"2018-12-31",Causal_Event_Ledger!$H$2:$H$500,"comms_failure") | C4: =COUNTIFS(Causal_Event_Ledger!$A$2:$A$500,">="&"2018-01-01",Causal_Event_Ledger!$A$2:$A$500,"<="&"2018-12-31",Causal_Event_Ledger!$G$2:$G$500,"surveillance_failure")+COUNTIFS(Causal_Event_Ledger!$A$2:$A$500,">="&"2018-01-01",Causal_Event_Ledger!$A$2:$A$500,"<="&"2018-12-31",Causal_Event_Ledger!$H$2:$H$500,"surveillance_failure") | D4: =COUNTIFS(Causal_Event_Ledger!$A$2:$A$500,">="&"2018-01-01",Causal_Event_Ledger!$A$2:$A$500,"<="&"2018-12-31",Causal_Event_Ledger!$G$2:$G$500,"flight_data_processing")+COUNTIFS(Causal_Event_Ledger!$A$2:$A$500,">="&"2018-01-01",Causal_Event_Ledger!$A$2:$A$500,"<="&"2018-12-31",Causal_Event_Ledger!$H$2:$H$500,"flight_data_processing") | E4: =COUNTIFS(Causal_Event_Ledger!$A$2:$A$500,">="&"2018-01-01",Causal_Event_Ledger!$A$2:$A$500,"<="&"2018-12-31",Causal_Event_Ledger!$G$2:$G$500,"datalink_cpdlc")+COUNTIFS(Causal_Event_Ledger!$A$2:$A$500,">="&"2018-01-01",Causal_Event_Ledger!$A$2:$A$500,"<="&"2018-12-31",Causal_Event_Ledger!$H$2:$H$500,"datalink_cpdlc") | F4: =COUNTIFS(Causal_Event_Ledger!$A$2:$A$500,">="&"2018-01-01",Causal_Event_Ledger!$A$2:$A$500,"<="&"2018-12-31",Causal_Event_Ledger!$G$2:$G$500,"network_connectivity")+COUNTIFS(Causal_Event_Ledger!$A$2:$A$500,">="&"2018-01-01",Causal_Event_Ledger!$A$2:$A$500,"<="&"2018-12-31",Causal_Event_Ledger!$H$2:$H$500,"network_connectivity") | G4: =COUNTIFS(Causal_Event_Ledger!$A$2:$A$500,">="&"2018-01-01",Causal_Event_Ledger!$A$2:$A$500,"<="&"2018-12-31",Causal_Event_Ledger!$G$2:$G$500,"power_failure")+COUNTIFS(Causal_Event_Ledger!$A$2:$A$500,">="&"2018-01-01",Causal_Event_Ledger!$A$2:$A$500,"<="&"2018-12-31",Causal_Event_Ledger!$H$2:$H$500,"power_failure") | H4: =COUNTIFS(Causal_Event_Ledger!$A$2:$A$500,">="&"2018-01-01",Causal_Event_Ledger!$A$2:$A$500,"<="&"2018-12-31",Causal_Event_Ledger!$G$2:$G$500,"hardware_failure")+COUNTIFS(Causal_Event_Ledger!$A$2:$A$500,">="&"2018-01-01",Causal_Event_Ledger!$A$2:$A$500,"<="&"2018-12-31",Causal_Event_Ledger!$H$2:$H$500,"hardware_failure") | I4: =COUNTIFS(Causal_Event_Ledger!$A$2:$A$500,">="&"2018-01-01",Causal_Event_Ledger!$A$2:$A$500,"<="&"2018-12-31",Causal_Event_Ledger!$G$2:$G$500,"software_failure")+COUNTIFS(Causal_Event_Ledger!$A$2:$A$500,">="&"2018-01-01",Causal_Event_Ledger!$A$2:$A$500,"<="&"2018-12-31",Causal_Event_Ledger!$H$2:$H$500,"software_failure") | J4: =COUNTIFS(Causal_Event_Ledger!$A$2:$A$500,">="&"2018-01-01",Causal_Event_Ledger!$A$2:$A$500,"<="&"2018-12-31",Causal_Event_Ledger!$G$2:$G$500,"gnss_jamming")+COUNTIFS(Causal_Event_Ledger!$A$2:$A$500,">="&"2018-01-01",Causal_Event_Ledger!$A$2:$A$500,"<="&"2018-12-31",Causal_Event_Ledger!$H$2:$H$500,"gnss_jamming") | K4: =COUNTIFS(Causal_Event_Ledger!$A$2:$A$500,">="&"2018-01-01",Causal_Event_Ledger!$A$2:$A$500,"<="&"2018-12-31",Causal_Event_Ledger!$G$2:$G$500,"gnss_spoofing")+COUNTIFS(Causal_Event_Ledger!$A$2:$A$500,">="&"2018-01-01",Causal_Event_Ledger!$A$2:$A$500,"<="&"2018-12-31",Causal_Event_Ledger!$H$2:$H$500,"gnss_spoofing") | L4: =COUNTIFS(Causal_Event_Ledger!$A$2:$A$500,">="&"2018-01-01",Causal_Event_Ledger!$A$2:$A$500,"<="&"2018-12-31",Causal_Event_Ledger!$G$2:$G$500,"unknown_investigation")+COUNTIFS(Causal_Event_Ledger!$A$2:$A$500,">="&"2018-01-01",Causal_Event_Ledger!$A$2:$A$500,"<="&"2018-12-31",Causal_Event_Ledger!$H$2:$H$500,"unknown_investigation") | M4: =COUNTIFS(Causal_Event_Ledger!$A$2:$A$500,">="&"2018-01-01",Causal_Event_Ledger!$A$2:$A$500,"<="&"2018-12-31")
A5: 2019 | B5: =COUNTIFS(Causal_Event_Ledger!$A$2:$A$500,">="&"2019-01-01",Causal_Event_Ledger!$A$2:$A$500,"<="&"2019-12-31",Causal_Event_Ledger!$G$2:$G$500,"comms_failure")+COUNTIFS(Causal_Event_Ledger!$A$2:$A$500,">="&"2019-01-01",Causal_Event_Ledger!$A$2:$A$500,"<="&"2019-12-31",Causal_Event_Ledger!$H$2:$H$500,"comms_failure") | C5: =COUNTIFS(Causal_Event_Ledger!$A$2:$A$500,">="&"2019-01-01",Causal_Event_Ledger!$A$2:$A$500,"<="&"2019-12-31",Causal_Event_Ledger!$G$2:$G$500,"surveillance_failure")+COUNTIFS(Causal_Event_Ledger!$A$2:$A$500,">="&"2019-01-01",Causal_Event_Ledger!$A$2:$A$500,"<="&"2019-12-31",Causal_Event_Ledger!$H$2:$H$500,"surveillance_failure") | D5: =COUNTIFS(Causal_Event_Ledger!$A$2:$A$500,">="&"2019-01-01",Causal_Event_Ledger!$A$2:$A$500,"<="&"2019-12-31",Causal_Event_Ledger!$G$2:$G$500,"flight_data_processing")+COUNTIFS(Causal_Event_Ledger!$A$2:$A$500,">="&"2019-01-01",Causal_Event_Ledger!$A$2:$A$500,"<="&"2019-12-31",Causal_Event_Ledger!$H$2:$H$500,"flight_data_processing") | E5: =COUNTIFS(Causal_Event_Ledger!$A$2:$A$500,">="&"2019-01-01",Causal_Event_Ledger!$A$2:$A$500,"<="&"2019-12-31",Causal_Event_Ledger!$G$2:$G$500,"datalink_cpdlc")+COUNTIFS(Causal_Event_Ledger!$A$2:$A$500,">="&"2019-01-01",Causal_Event_Ledger!$A$2:$A$500,"<="&"2019-12-31",Causal_Event_Ledger!$H$2:$H$500,"datalink_cpdlc") | F5: =COUNTIFS(Causal_Event_Ledger!$A$2:$A$500,">="&"2019-01-01",Causal_Event_Ledger!$A$2:$A$500,"<="&"2019-12-31",Causal_Event_Ledger!$G$2:$G$500,"network_connectivity")+COUNTIFS(Causal_Event_Ledger!$A$2:$A$500,">="&"2019-01-01",Causal_Event_Ledger!$A$2:$A$500,"<="&"2019-12-31",Causal_Event_Ledger!$H$2:$H$500,"network_connectivity") | G5: =COUNTIFS(Causal_Event_Ledger!$A$2:$A$500,">="&"2019-01-01",Causal_Event_Ledger!$A$2:$A$500,"<="&"2019-12-31",Causal_Event_Ledger!$G$2:$G$500,"power_failure")+COUNTIFS(Causal_Event_Ledger!$A$2:$A$500,">="&"2019-01-01",Causal_Event_Ledger!$A$2:$A$500,"<="&"2019-12-31",Causal_Event_Ledger!$H$2:$H$500,"power_failure") | H5: =COUNTIFS(Causal_Event_Ledger!$A$2:$A$500,">="&"2019-01-01",Causal_Event_Ledger!$A$2:$A$500,"<="&"2019-12-31",Causal_Event_Ledger!$G$2:$G$500,"hardware_failure")+COUNTIFS(Causal_Event_Ledger!$A$2:$A$500,">="&"2019-01-01",Causal_Event_Ledger!$A$2:$A$500,"<="&"2019-12-31",Causal_Event_Ledger!$H$2:$H$500,"hardware_failure") | I5: =COUNTIFS(Causal_Event_Ledger!$A$2:$A$500,">="&"2019-01-01",Causal_Event_Ledger!$A$2:$A$500,"<="&"2019-12-31",Causal_Event_Ledger!$G$2:$G$500,"software_failure")+COUNTIFS(Causal_Event_Ledger!$A$2:$A$500,">="&"2019-01-01",Causal_Event_Ledger!$A$2:$A$500,"<="&"2019-12-31",Causal_Event_Ledger!$H$2:$H$500,"software_failure") | J5: =COUNTIFS(Causal_Event_Ledger!$A$2:$A$500,">="&"2019-01-01",Causal_Event_Ledger!$A$2:$A$500,"<="&"2019-12-31",Causal_Event_Ledger!$G$2:$G$500,"gnss_jamming")+COUNTIFS(Causal_Event_Ledger!$A$2:$A$500,">="&"2019-01-01",Causal_Event_Ledger!$A$2:$A$500,"<="&"2019-12-31",Causal_Event_Ledger!$H$2:$H$500,"gnss_jamming") | K5: =COUNTIFS(Causal_Event_Ledger!$A$2:$A$500,">="&"2019-01-01",Causal_Event_Ledger!$A$2:$A$500,"<="&"2019-12-31",Causal_Event_Ledger!$G$2:$G$500,"gnss_spoofing")+COUNTIFS(Causal_Event_Ledger!$A$2:$A$500,">="&"2019-01-01",Causal_Event_Ledger!$A$2:$A$500,"<="&"2019-12-31",Causal_Event_Ledger!$H$2:$H$500,"gnss_spoofing") | L5: =COUNTIFS(Causal_Event_Ledger!$A$2:$A$500,">="&"2019-01-01",Causal_Event_Ledger!$A$2:$A$500,"<="&"2019-12-31",Causal_Event_Ledger!$G$2:$G$500,"unknown_investigation")+COUNTIFS(Causal_Event_Ledger!$A$2:$A$500,">="&"2019-01-01",Causal_Event_Ledger!$A$2:$A$500,"<="&"2019-12-31",Causal_Event_Ledger!$H$2:$H$500,"unknown_investigation") | M5: =COUNTIFS(Causal_Event_Ledger!$A$2:$A$500,">="&"2019-01-01",Causal_Event_Ledger!$A$2:$A$500,"<="&"2019-12-31")
A6: 2020 | B6: =COUNTIFS(Causal_Event_Ledger!$A$2:$A$500,">="&"2020-01-01",Causal_Event_Ledger!$A$2:$A$500,"<="&"2020-12-31",Causal_Event_Ledger!$G$2:$G$500,"comms_failure")+COUNTIFS(Causal_Event_Ledger!$A$2:$A$500,">="&"2020-01-01",Causal_Event_Ledger!$A$2:$A$500,"<="&"2020-12-31",Causal_Event_Ledger!$H$2:$H$500,"comms_failure") | C6: =COUNTIFS(Causal_Event_Ledger!$A$2:$A$500,">="&"2020-01-01",Causal_Event_Ledger!$A$2:$A$500,"<="&"2020-12-31",Causal_Event_Ledger!$G$2:$G$500,"surveillance_failure")+COUNTIFS(Causal_Event_Ledger!$A$2:$A$500,">="&"2020-01-01",Causal_Event_Ledger!$A$2:$A$500,"<="&"2020-12-31",Causal_Event_Ledger!$H$2:$H$500,"surveillance_failure") | D6: =COUNTIFS(Causal_Event_Ledger!$A$2:$A$500,">="&"2020-01-01",Causal_Event_Ledger!$A$2:$A$500,"<="&"2020-12-31",Causal_Event_Ledger!$G$2:$G$500,"flight_data_processing")+COUNTIFS(Causal_Event_Ledger!$A$2:$A$500,">="&"2020-01-01",Causal_Event_Ledger!$A$2:$A$500,"<="&"2020-12-31",Causal_Event_Ledger!$H$2:$H$500,"flight_data_processing") | E6: =COUNTIFS(Causal_Event_Ledger!$A$2:$A$500,">="&"2020-01-01",Causal_Event_Ledger!$A$2:$A$500,"<="&"2020-12-31",Causal_Event_Ledger!$G$2:$G$500,"datalink_cpdlc")+COUNTIFS(Causal_Event_Ledger!$A$2:$A$500,">="&"2020-01-01",Causal_Event_Ledger!$A$2:$A$500,"<="&"2020-12-31",Causal_Event_Ledger!$H$2:$H$500,"datalink_cpdlc") | F6: =COUNTIFS(Causal_Event_Ledger!$A$2:$A$500,">="&"2020-01-01",Causal_Event_Ledger!$A$2:$A$500,"<="&"2020-12-31",Causal_Event_Ledger!$G$2:$G$500,"network_connectivity")+COUNTIFS(Causal_Event_Ledger!$A$2:$A$500,">="&"2020-01-01",Causal_Event_Ledger!$A$2:$A$500,"<="&"2020-12-31",Causal_Event_Ledger!$H$2:$H$500,"network_connectivity") | G6: =COUNTIFS(Causal_Event_Ledger!$A$2:$A$500,">="&"2020-01-01",Causal_Event_Ledger!$A$2:$A$500,"<="&"2020-12-31",Causal_Event_Ledger!$G$2:$G$500,"power_failure")+COUNTIFS(Causal_Event_Ledger!$A$2:$A$500,">="&"2020-01-01",Causal_Event_Ledger!$A$2:$A$500,"<="&"2020-12-31",Causal_Event_Ledger!$H$2:$H$500,"power_failure") | H6: =COUNTIFS(Causal_Event_Ledger!$A$2:$A$500,">="&"2020-01-01",Causal_Event_Ledger!$A$2:$A$500,"<="&"2020-12-31",Causal_Event_Ledger!$G$2:$G$500,"hardware_failure")+COUNTIFS(Causal_Event_Ledger!$A$2:$A$500,">="&"2020-01-01",Causal_Event_Ledger!$A$2:$A$500,"<="&"2020-12-31",Causal_Event_Ledger!$H$2:$H$500,"hardware_failure") | I6: =COUNTIFS(Causal_Event_Ledger!$A$2:$A$500,">="&"2020-01-01",Causal_Event_Ledger!$A$2:$A$500,"<="&"2020-12-31",Causal_Event_Ledger!$G$2:$G$500,"software_failure")+COUNTIFS(Causal_Event_Ledger!$A$2:$A$500,">="&"2020-01-01",Causal_Event_Ledger!$A$2:$A$500,"<="&"2020-12-31",Causal_Event_Ledger!$H$2:$H$500,"software_failure") | J6: =COUNTIFS(Causal_Event_Ledger!$A$2:$A$500,">="&"2020-01-01",Causal_Event_Ledger!$A$2:$A$500,"<="&"2020-12-31",Causal_Event_Ledger!$G$2:$G$500,"gnss_jamming")+COUNTIFS(Causal_Event_Ledger!$A$2:$A$500,">="&"2020-01-01",Causal_Event_Ledger!$A$2:$A$500,"<="&"2020-12-31",Causal_Event_Ledger!$H$2:$H$500,"gnss_jamming") | K6: =COUNTIFS(Causal_Event_Ledger!$A$2:$A$500,">="&"2020-01-01",Causal_Event_Ledger!$A$2:$A$500,"<="&"2020-12-31",Causal_Event_Ledger!$G$2:$G$500,"gnss_spoofing")+COUNTIFS(Causal_Event_Ledger!$A$2:$A$500,">="&"2020-01-01",Causal_Event_Ledger!$A$2:$A$500,"<="&"2020-12-31",Causal_Event_Ledger!$H$2:$H$500,"gnss_spoofing") | L6: =COUNTIFS(Causal_Event_Ledger!$A$2:$A$500,">="&"2020-01-01",Causal_Event_Ledger!$A$2:$A$500,"<="&"2020-12-31",Causal_Event_Ledger!$G$2:$G$500,"unknown_investigation")+COUNTIFS(Causal_Event_Ledger!$A$2:$A$500,">="&"2020-01-01",Causal_Event_Ledger!$A$2:$A$500,"<="&"2020-12-31",Causal_Event_Ledger!$H$2:$H$500,"unknown_investigation") | M6: =COUNTIFS(Causal_Event_Ledger!$A$2:$A$500,">="&"2020-01-01",Causal_Event_Ledger!$A$2:$A$500,"<="&"2020-12-31")
A7: 2021 | B7: =COUNTIFS(Causal_Event_Ledger!$A$2:$A$500,">="&"2021-01-01",Causal_Event_Ledger!$A$2:$A$500,"<="&"2021-12-31",Causal_Event_Ledger!$G$2:$G$500,"comms_failure")+COUNTIFS(Causal_Event_Ledger!$A$2:$A$500,">="&"2021-01-01",Causal_Event_Ledger!$A$2:$A$500,"<="&"2021-12-31",Causal_Event_Ledger!$H$2:$H$500,"comms_failure") | C7: =COUNTIFS(Causal_Event_Ledger!$A$2:$A$500,">="&"2021-01-01",Causal_Event_Ledger!$A$2:$A$500,"<="&"2021-12-31",Causal_Event_Ledger!$G$2:$G$500,"surveillance_failure")+COUNTIFS(Causal_Event_Ledger!$A$2:$A$500,">="&"2021-01-01",Causal_Event_Ledger!$A$2:$A$500,"<="&"2021-12-31",Causal_Event_Ledger!$H$2:$H$500,"surveillance_failure") | D7: =COUNTIFS(Causal_Event_Ledger!$A$2:$A$500,">="&"2021-01-01",Causal_Event_Ledger!$A$2:$A$500,"<="&"2021-12-31",Causal_Event_Ledger!$G$2:$G$500,"flight_data_processing")+COUNTIFS(Causal_Event_Ledger!$A$2:$A$500,">="&"2021-01-01",Causal_Event_Ledger!$A$2:$A$500,"<="&"2021-12-31",Causal_Event_Ledger!$H$2:$H$500,"flight_data_processing") | E7: =COUNTIFS(Causal_Event_Ledger!$A$2:$A$500,">="&"2021-01-01",Causal_Event_Ledger!$A$2:$A$500,"<="&"2021-12-31",Causal_Event_Ledger!$G$2:$G$500,"datalink_cpdlc")+COUNTIFS(Causal_Event_Ledger!$A$2:$A$500,">="&"2021-01-01",Causal_Event_Ledger!$A$2:$A$500,"<="&"2021-12-31",Causal_Event_Ledger!$H$2:$H$500,"datalink_cpdlc") | F7: =COUNTIFS(Causal_Event_Ledger!$A$2:$A$500,">="&"2021-01-01",Causal_Event_Ledger!$A$2:$A$500,"<="&"2021-12-31",Causal_Event_Ledger!$G$2:$G$500,"network_connectivity")+COUNTIFS(Causal_Event_Ledger!$A$2:$A$500,">="&"2021-01-01",Causal_Event_Ledger!$A$2:$A$500,"<="&"2021-12-31",Causal_Event_Ledger!$H$2:$H$500,"network_connectivity") | G7: =COUNTIFS(Causal_Event_Ledger!$A$2:$A$500,">="&"2021-01-01",Causal_Event_Ledger!$A$2:$A$500,"<="&"2021-12-31",Causal_Event_Ledger!$G$2:$G$500,"power_failure")+COUNTIFS(Causal_Event_Ledger!$A$2:$A$500,">="&"2021-01-01",Causal_Event_Ledger!$A$2:$A$500,"<="&"2021-12-31",Causal_Event_Ledger!$H$2:$H$500,"power_failure") | H7: =COUNTIFS(Causal_Event_Ledger!$A$2:$A$500,">="&"2021-01-01",Causal_Event_Ledger!$A$2:$A$500,"<="&"2021-12-31",Causal_Event_Ledger!$G$2:$G$500,"hardware_failure")+COUNTIFS(Causal_Event_Ledger!$A$2:$A$500,">="&"2021-01-01",Causal_Event_Ledger!$A$2:$A$500,"<="&"2021-12-31",Causal_Event_Ledger!$H$2:$H$500,"hardware_failure") | I7: =COUNTIFS(Causal_Event_Ledger!$A$2:$A$500,">="&"2021-01-01",Causal_Event_Ledger!$A$2:$A$500,"<="&"2021-12-31",Causal_Event_Ledger!$G$2:$G$500,"software_failure")+COUNTIFS(Causal_Event_Ledger!$A$2:$A$500,">="&"2021-01-01",Causal_Event_Ledger!$A$2:$A$500,"<="&"2021-12-31",Causal_Event_Ledger!$H$2:$H$500,"software_failure") | J7: =COUNTIFS(Causal_Event_Ledger!$A$2:$A$500,">="&"2021-01-01",Causal_Event_Ledger!$A$2:$A$500,"<="&"2021-12-31",Causal_Event_Ledger!$G$2:$G$500,"gnss_jamming")+COUNTIFS(Causal_Event_Ledger!$A$2:$A$500,">="&"2021-01-01",Causal_Event_Ledger!$A$2:$A$500,"<="&"2021-12-31",Causal_Event_Ledger!$H$2:$H$500,"gnss_jamming") | K7: =COUNTIFS(Causal_Event_Ledger!$A$2:$A$500,">="&"2021-01-01",Causal_Event_Ledger!$A$2:$A$500,"<="&"2021-12-31",Causal_Event_Ledger!$G$2:$G$500,"gnss_spoofing")+COUNTIFS(Causal_Event_Ledger!$A$2:$A$500,">="&"2021-01-01",Causal_Event_Ledger!$A$2:$A$500,"<="&"2021-12-31",Causal_Event_Ledger!$H$2:$H$500,"gnss_spoofing") | L7: =COUNTIFS(Causal_Event_Ledger!$A$2:$A$500,">="&"2021-01-01",Causal_Event_Ledger!$A$2:$A$500,"<="&"2021-12-31",Causal_Event_Ledger!$G$2:$G$500,"unknown_investigation")+COUNTIFS(Causal_Event_Ledger!$A$2:$A$500,">="&"2021-01-01",Causal_Event_Ledger!$A$2:$A$500,"<="&"2021-12-31",Causal_Event_Ledger!$H$2:$H$500,"unknown_investigation") | M7: =COUNTIFS(Causal_Event_Ledger!$A$2:$A$500,">="&"2021-01-01",Causal_Event_Ledger!$A$2:$A$500,"<="&"2021-12-31")
A8: 2022 | B8: =COUNTIFS(Causal_Event_Ledger!$A$2:$A$500,">="&"2022-01-01",Causal_Event_Ledger!$A$2:$A$500,"<="&"2022-12-31",Causal_Event_Ledger!$G$2:$G$500,"comms_failure")+COUNTIFS(Causal_Event_Ledger!$A$2:$A$500,">="&"2022-01-01",Causal_Event_Ledger!$A$2:$A$500,"<="&"2022-12-31",Causal_Event_Ledger!$H$2:$H$500,"comms_failure") | C8: =COUNTIFS(Causal_Event_Ledger!$A$2:$A$500,">="&"2022-01-01",Causal_Event_Ledger!$A$2:$A$500,"<="&"2022-12-31",Causal_Event_Ledger!$G$2:$G$500,"surveillance_failure")+COUNTIFS(Causal_Event_Ledger!$A$2:$A$500,">="&"2022-01-01",Causal_Event_Ledger!$A$2:$A$500,"<="&"2022-12-31",Causal_Event_Ledger!$H$2:$H$500,"surveillance_failure") | D8: =COUNTIFS(Causal_Event_Ledger!$A$2:$A$500,">="&"2022-01-01",Causal_Event_Ledger!$A$2:$A$500,"<="&"2022-12-31",Causal_Event_Ledger!$G$2:$G$500,"flight_data_processing")+COUNTIFS(Causal_Event_Ledger!$A$2:$A$500,">="&"2022-01-01",Causal_Event_Ledger!$A$2:$A$500,"<="&"2022-12-31",Causal_Event_Ledger!$H$2:$H$500,"flight_data_processing") | E8: =COUNTIFS(Causal_Event_Ledger!$A$2:$A$500,">="&"2022-01-01",Causal_Event_Ledger!$A$2:$A$500,"<="&"2022-12-31",Causal_Event_Ledger!$G$2:$G$500,"datalink_cpdlc")+COUNTIFS(Causal_Event_Ledger!$A$2:$A$500,">="&"2022-01-01",Causal_Event_Ledger!$A$2:$A$500,"<="&"2022-12-31",Causal_Event_Ledger!$H$2:$H$500,"datalink_cpdlc") | F8: =COUNTIFS(Causal_Event_Ledger!$A$2:$A$500,">="&"2022-01-01",Causal_Event_Ledger!$A$2:$A$500,"<="&"2022-12-31",Causal_Event_Ledger!$G$2:$G$500,"network_connectivity")+COUNTIFS(Causal_Event_Ledger!$A$2:$A$500,">="&"2022-01-01",Causal_Event_Ledger!$A$2:$A$500,"<="&"2022-12-31",Causal_Event_Ledger!$H$2:$H$500,"network_connectivity") | G8: =COUNTIFS(Causal_Event_Ledger!$A$2:$A$500,">="&"2022-01-01",Causal_Event_Ledger!$A$2:$A$500,"<="&"2022-12-31",Causal_Event_Ledger!$G$2:$G$500,"power_failure")+COUNTIFS(Causal_Event_Ledger!$A$2:$A$500,">="&"2022-01-01",Causal_Event_Ledger!$A$2:$A$500,"<="&"2022-12-31",Causal_Event_Ledger!$H$2:$H$500,"power_failure") | H8: =COUNTIFS(Causal_Event_Ledger!$A$2:$A$500,">="&"2022-01-01",Causal_Event_Ledger!$A$2:$A$500,"<="&"2022-12-31",Causal_Event_Ledger!$G$2:$G$500,"hardware_failure")+COUNTIFS(Causal_Event_Ledger!$A$2:$A$500,">="&"2022-01-01",Causal_Event_Ledger!$A$2:$A$500,"<="&"2022-12-31",Causal_Event_Ledger!$H$2:$H$500,"hardware_failure") | I8: =COUNTIFS(Causal_Event_Ledger!$A$2:$A$500,">="&"2022-01-01",Causal_Event_Ledger!$A$2:$A$500,"<="&"2022-12-31",Causal_Event_Ledger!$G$2:$G$500,"software_failure")+COUNTIFS(Causal_Event_Ledger!$A$2:$A$500,">="&"2022-01-01",Causal_Event_Ledger!$A$2:$A$500,"<="&"2022-12-31",Causal_Event_Ledger!$H$2:$H$500,"software_failure") | J8: =COUNTIFS(Causal_Event_Ledger!$A$2:$A$500,">="&"2022-01-01",Causal_Event_Ledger!$A$2:$A$500,"<="&"2022-12-31",Causal_Event_Ledger!$G$2:$G$500,"gnss_jamming")+COUNTIFS(Causal_Event_Ledger!$A$2:$A$500,">="&"2022-01-01",Causal_Event_Ledger!$A$2:$A$500,"<="&"2022-12-31",Causal_Event_Ledger!$H$2:$H$500,"gnss_jamming") | K8: =COUNTIFS(Causal_Event_Ledger!$A$2:$A$500,">="&"2022-01-01",Causal_Event_Ledger!$A$2:$A$500,"<="&"2022-12-31",Causal_Event_Ledger!$G$2:$G$500,"gnss_spoofing")+COUNTIFS(Causal_Event_Ledger!$A$2:$A$500,">="&"2022-01-01",Causal_Event_Ledger!$A$2:$A$500,"<="&"2022-12-31",Causal_Event_Ledger!$H$2:$H$500,"gnss_spoofing") | L8: =COUNTIFS(Causal_Event_Ledger!$A$2:$A$500,">="&"2022-01-01",Causal_Event_Ledger!$A$2:$A$500,"<="&"2022-12-31",Causal_Event_Ledger!$G$2:$G$500,"unknown_investigation")+COUNTIFS(Causal_Event_Ledger!$A$2:$A$500,">="&"2022-01-01",Causal_Event_Ledger!$A$2:$A$500,"<="&"2022-12-31",Causal_Event_Ledger!$H$2:$H$500,"unknown_investigation") | M8: =COUNTIFS(Causal_Event_Ledger!$A$2:$A$500,">="&"2022-01-01",Causal_Event_Ledger!$A$2:$A$500,"<="&"2022-12-31")
A9: 2023 | B9: =COUNTIFS(Causal_Event_Ledger!$A$2:$A$500,">="&"2023-01-01",Causal_Event_Ledger!$A$2:$A$500,"<="&"2023-12-31",Causal_Event_Ledger!$G$2:$G$500,"comms_failure")+COUNTIFS(Causal_Event_Ledger!$A$2:$A$500,">="&"2023-01-01",Causal_Event_Ledger!$A$2:$A$500,"<="&"2023-12-31",Causal_Event_Ledger!$H$2:$H$500,"comms_failure") | C9: =COUNTIFS(Causal_Event_Ledger!$A$2:$A$500,">="&"2023-01-01",Causal_Event_Ledger!$A$2:$A$500,"<="&"2023-12-31",Causal_Event_Ledger!$G$2:$G$500,"surveillance_failure")+COUNTIFS(Causal_Event_Ledger!$A$2:$A$500,">="&"2023-01-01",Causal_Event_Ledger!$A$2:$A$500,"<="&"2023-12-31",Causal_Event_Ledger!$H$2:$H$500,"surveillance_failure") | D9: =COUNTIFS(Causal_Event_Ledger!$A$2:$A$500,">="&"2023-01-01",Causal_Event_Ledger!$A$2:$A$500,"<="&"2023-12-31",Causal_Event_Ledger!$G$2:$G$500,"flight_data_processing")+COUNTIFS(Causal_Event_Ledger!$A$2:$A$500,">="&"2023-01-01",Causal_Event_Ledger!$A$2:$A$500,"<="&"2023-12-31",Causal_Event_Ledger!$H$2:$H$500,"flight_data_processing") | E9: =COUNTIFS(Causal_Event_Ledger!$A$2:$A$500,">="&"2023-01-01",Causal_Event_Ledger!$A$2:$A$500,"<="&"2023-12-31",Causal_Event_Ledger!$G$2:$G$500,"datalink_cpdlc")+COUNTIFS(Causal_Event_Ledger!$A$2:$A$500,">="&"2023-01-01",Causal_Event_Ledger!$A$2:$A$500,"<="&"2023-12-31",Causal_Event_Ledger!$H$2:$H$500,"datalink_cpdlc") | F9: =COUNTIFS(Causal_Event_Ledger!$A$2:$A$500,">="&"2023-01-01",Causal_Event_Ledger!$A$2:$A$500,"<="&"2023-12-31",Causal_Event_Ledger!$G$2:$G$500,"network_connectivity")+COUNTIFS(Causal_Event_Ledger!$A$2:$A$500,">="&"2023-01-01",Causal_Event_Ledger!$A$2:$A$500,"<="&"2023-12-31",Causal_Event_Ledger!$H$2:$H$500,"network_connectivity") | G9: =COUNTIFS(Causal_Event_Ledger!$A$2:$A$500,">="&"2023-01-01",Causal_Event_Ledger!$A$2:$A$500,"<="&"2023-12-31",Causal_Event_Ledger!$G$2:$G$500,"power_failure")+COUNTIFS(Causal_Event_Ledger!$A$2:$A$500,">="&"2023-01-01",Causal_Event_Ledger!$A$2:$A$500,"<="&"2023-12-31",Causal_Event_Ledger!$H$2:$H$500,"power_failure") | H9: =COUNTIFS(Causal_Event_Ledger!$A$2:$A$500,">="&"2023-01-01",Causal_Event_Ledger!$A$2:$A$500,"<="&"2023-12-31",Causal_Event_Ledger!$G$2:$G$500,"hardware_failure")+COUNTIFS(Causal_Event_Ledger!$A$2:$A$500,">="&"2023-01-01",Causal_Event_Ledger!$A$2:$A$500,"<="&"2023-12-31",Causal_Event_Ledger!$H$2:$H$500,"hardware_failure") | I9: =COUNTIFS(Causal_Event_Ledger!$A$2:$A$500,">="&"2023-01-01",Causal_Event_Ledger!$A$2:$A$500,"<="&"2023-12-31",Causal_Event_Ledger!$G$2:$G$500,"software_failure")+COUNTIFS(Causal_Event_Ledger!$A$2:$A$500,">="&"2023-01-01",Causal_Event_Ledger!$A$2:$A$500,"<="&"2023-12-31",Causal_Event_Ledger!$H$2:$H$500,"software_failure") | J9: =COUNTIFS(Causal_Event_Ledger!$A$2:$A$500,">="&"2023-01-01",Causal_Event_Ledger!$A$2:$A$500,"<="&"2023-12-31",Causal_Event_Ledger!$G$2:$G$500,"gnss_jamming")+COUNTIFS(Causal_Event_Ledger!$A$2:$A$500,">="&"2023-01-01",Causal_Event_Ledger!$A$2:$A$500,"<="&"2023-12-31",Causal_Event_Ledger!$H$2:$H$500,"gnss_jamming") | K9: =COUNTIFS(Causal_Event_Ledger!$A$2:$A$500,">="&"2023-01-01",Causal_Event_Ledger!$A$2:$A$500,"<="&"2023-12-31",Causal_Event_Ledger!$G$2:$G$500,"gnss_spoofing")+COUNTIFS(Causal_Event_Ledger!$A$2:$A$500,">="&"2023-01-01",Causal_Event_Ledger!$A$2:$A$500,"<="&"2023-12-31",Causal_Event_Ledger!$H$2:$H$500,"gnss_spoofing") | L9: =COUNTIFS(Causal_Event_Ledger!$A$2:$A$500,">="&"2023-01-01",Causal_Event_Ledger!$A$2:$A$500,"<="&"2023-12-31",Causal_Event_Ledger!$G$2:$G$500,"unknown_investigation")+COUNTIFS(Causal_Event_Ledger!$A$2:$A$500,">="&"2023-01-01",Causal_Event_Ledger!$A$2:$A$500,"<="&"2023-12-31",Causal_Event_Ledger!$H$2:$H$500,"unknown_investigation") | M9: =COUNTIFS(Causal_Event_Ledger!$A$2:$A$500,">="&"2023-01-01",Causal_Event_Ledger!$A$2:$A$500,"<="&"2023-12-31")
A10: 2024 | B10: =COUNTIFS(Causal_Event_Ledger!$A$2:$A$500,">="&"2024-01-01",Causal_Event_Ledger!$A$2:$A$500,"<="&"2024-12-31",Causal_Event_Ledger!$G$2:$G$500,"comms_failure")+COUNTIFS(Causal_Event_Ledger!$A$2:$A$500,">="&"2024-01-01",Causal_Event_Ledger!$A$2:$A$500,"<="&"2024-12-31",Causal_Event_Ledger!$H$2:$H$500,"comms_failure") | C10: =COUNTIFS(Causal_Event_Ledger!$A$2:$A$500,">="&"2024-01-01",Causal_Event_Ledger!$A$2:$A$500,"<="&"2024-12-31",Causal_Event_Ledger!$G$2:$G$500,"surveillance_failure")+COUNTIFS(Causal_Event_Ledger!$A$2:$A$500,">="&"2024-01-01",Causal_Event_Ledger!$A$2:$A$500,"<="&"2024-12-31",Causal_Event_Ledger!$H$2:$H$500,"surveillance_failure") | D10: =COUNTIFS(Causal_Event_Ledger!$A$2:$A$500,">="&"2024-01-01",Causal_Event_Ledger!$A$2:$A$500,"<="&"2024-12-31",Causal_Event_Ledger!$G$2:$G$500,"flight_data_processing")+COUNTIFS(Causal_Event_Ledger!$A$2:$A$500,">="&"2024-01-01",Causal_Event_Ledger!$A$2:$A$500,"<="&"2024-12-31",Causal_Event_Ledger!$H$2:$H$500,"flight_data_processing") | E10: =COUNTIFS(Causal_Event_Ledger!$A$2:$A$500,">="&"2024-01-01",Causal_Event_Ledger!$A$2:$A$500,"<="&"2024-12-31",Causal_Event_Ledger!$G$2:$G$500,"datalink_cpdlc")+COUNTIFS(Causal_Event_Ledger!$A$2:$A$500,">="&"2024-01-01",Causal_Event_Ledger!$A$2:$A$500,"<="&"2024-12-31",Causal_Event_Ledger!$H$2:$H$500,"datalink_cpdlc") | F10: =COUNTIFS(Causal_Event_Ledger!$A$2:$A$500,">="&"2024-01-01",Causal_Event_Ledger!$A$2:$A$500,"<="&"2024-12-31",Causal_Event_Ledger!$G$2:$G$500,"network_connectivity")+COUNTIFS(Causal_Event_Ledger!$A$2:$A$500,">="&"2024-01-01",Causal_Event_Ledger!$A$2:$A$500,"<="&"2024-12-31",Causal_Event_Ledger!$H$2:$H$500,"network_connectivity") | G10: =COUNTIFS(Causal_Event_Ledger!$A$2:$A$500,">="&"2024-01-01",Causal_Event_Ledger!$A$2:$A$500,"<="&"2024-12-31",Causal_Event_Ledger!$G$2:$G$500,"power_failure")+COUNTIFS(Causal_Event_Ledger!$A$2:$A$500,">="&"2024-01-01",Causal_Event_Ledger!$A$2:$A$500,"<="&"2024-12-31",Causal_Event_Ledger!$H$2:$H$500,"power_failure") | H10: =COUNTIFS(Causal_Event_Ledger!$A$2:$A$500,">="&"2024-01-01",Causal_Event_Ledger!$A$2:$A$500,"<="&"2024-12-31",Causal_Event_Ledger!$G$2:$G$500,"hardware_failure")+COUNTIFS(Causal_Event_Ledger!$A$2:$A$500,">="&"2024-01-01",Causal_Event_Ledger!$A$2:$A$500,"<="&"2024-12-31",Causal_Event_Ledger!$H$2:$H$500,"hardware_failure") | I10: =COUNTIFS(Causal_Event_Ledger!$A$2:$A$500,">="&"2024-01-01",Causal_Event_Ledger!$A$2:$A$500,"<="&"2024-12-31",Causal_Event_Ledger!$G$2:$G$500,"software_failure")+COUNTIFS(Causal_Event_Ledger!$A$2:$A$500,">="&"2024-01-01",Causal_Event_Ledger!$A$2:$A$500,"<="&"2024-12-31",Causal_Event_Ledger!$H$2:$H$500,"software_failure") | J10: =COUNTIFS(Causal_Event_Ledger!$A$2:$A$500,">="&"2024-01-01",Causal_Event_Ledger!$A$2:$A$500,"<="&"2024-12-31",Causal_Event_Ledger!$G$2:$G$500,"gnss_jamming")+COUNTIFS(Causal_Event_Ledger!$A$2:$A$500,">="&"2024-01-01",Causal_Event_Ledger!$A$2:$A$500,"<="&"2024-12-31",Causal_Event_Ledger!$H$2:$H$500,"gnss_jamming") | K10: =COUNTIFS(Causal_Event_Ledger!$A$2:$A$500,">="&"2024-01-01",Causal_Event_Ledger!$A$2:$A$500,"<="&"2024-12-31",Causal_Event_Ledger!$G$2:$G$500,"gnss_spoofing")+COUNTIFS(Causal_Event_Ledger!$A$2:$A$500,">="&"2024-01-01",Causal_Event_Ledger!$A$2:$A$500,"<="&"2024-12-31",Causal_Event_Ledger!$H$2:$H$500,"gnss_spoofing") | L10: =COUNTIFS(Causal_Event_Ledger!$A$2:$A$500,">="&"2024-01-01",Causal_Event_Ledger!$A$2:$A$500,"<="&"2024-12-31",Causal_Event_Ledger!$G$2:$G$500,"unknown_investigation")+COUNTIFS(Causal_Event_Ledger!$A$2:$A$500,">="&"2024-01-01",Causal_Event_Ledger!$A$2:$A$500,"<="&"2024-12-31",Causal_Event_Ledger!$H$2:$H$500,"unknown_investigation") | M10: =COUNTIFS(Causal_Event_Ledger!$A$2:$A$500,">="&"2024-01-01",Causal_Event_Ledger!$A$2:$A$500,"<="&"2024-12-31")
A11: 2025 | B11: =COUNTIFS(Causal_Event_Ledger!$A$2:$A$500,">="&"2025-01-01",Causal_Event_Ledger!$A$2:$A$500,"<="&"2025-12-31",Causal_Event_Ledger!$G$2:$G$500,"comms_failure")+COUNTIFS(Causal_Event_Ledger!$A$2:$A$500,">="&"2025-01-01",Causal_Event_Ledger!$A$2:$A$500,"<="&"2025-12-31",Causal_Event_Ledger!$H$2:$H$500,"comms_failure") | C11: =COUNTIFS(Causal_Event_Ledger!$A$2:$A$500,">="&"2025-01-01",Causal_Event_Ledger!$A$2:$A$500,"<="&"2025-12-31",Causal_Event_Ledger!$G$2:$G$500,"surveillance_failure")+COUNTIFS(Causal_Event_Ledger!$A$2:$A$500,">="&"2025-01-01",Causal_Event_Ledger!$A$2:$A$500,"<="&"2025-12-31",Causal_Event_Ledger!$H$2:$H$500,"surveillance_failure") | D11: =COUNTIFS(Causal_Event_Ledger!$A$2:$A$500,">="&"2025-01-01",Causal_Event_Ledger!$A$2:$A$500,"<="&"2025-12-31",Causal_Event_Ledger!$G$2:$G$500,"flight_data_processing")+COUNTIFS(Causal_Event_Ledger!$A$2:$A$500,">="&"2025-01-01",Causal_Event_Ledger!$A$2:$A$500,"<="&"2025-12-31",Causal_Event_Ledger!$H$2:$H$500,"flight_data_processing") | E11: =COUNTIFS(Causal_Event_Ledger!$A$2:$A$500,">="&"2025-01-01",Causal_Event_Ledger!$A$2:$A$500,"<="&"2025-12-31",Causal_Event_Ledger!$G$2:$G$500,"datalink_cpdlc")+COUNTIFS(Causal_Event_Ledger!$A$2:$A$500,">="&"2025-01-01",Causal_Event_Ledger!$A$2:$A$500,"<="&"2025-12-31",Causal_Event_Ledger!$H$2:$H$500,"datalink_cpdlc") | F11: =COUNTIFS(Causal_Event_Ledger!$A$2:$A$500,">="&"2025-01-01",Causal_Event_Ledger!$A$2:$A$500,"<="&"2025-12-31",Causal_Event_Ledger!$G$2:$G$500,"network_connectivity")+COUNTIFS(Causal_Event_Ledger!$A$2:$A$500,">="&"2025-01-01",Causal_Event_Ledger!$A$2:$A$500,"<="&"2025-12-31",Causal_Event_Ledger!$H$2:$H$500,"network_connectivity") | G11: =COUNTIFS(Causal_Event_Ledger!$A$2:$A$500,">="&"2025-01-01",Causal_Event_Ledger!$A$2:$A$500,"<="&"2025-12-31",Causal_Event_Ledger!$G$2:$G$500,"power_failure")+COUNTIFS(Causal_Event_Ledger!$A$2:$A$500,">="&"2025-01-01",Causal_Event_Ledger!$A$2:$A$500,"<="&"2025-12-31",Causal_Event_Ledger!$H$2:$H$500,"power_failure") | H11: =COUNTIFS(Causal_Event_Ledger!$A$2:$A$500,">="&"2025-01-01",Causal_Event_Ledger!$A$2:$A$500,"<="&"2025-12-31",Causal_Event_Ledger!$G$2:$G$500,"hardware_failure")+COUNTIFS(Causal_Event_Ledger!$A$2:$A$500,">="&"2025-01-01",Causal_Event_Ledger!$A$2:$A$500,"<="&"2025-12-31",Causal_Event_Ledger!$H$2:$H$500,"hardware_failure") | I11: =COUNTIFS(Causal_Event_Ledger!$A$2:$A$500,">="&"2025-01-01",Causal_Event_Ledger!$A$2:$A$500,"<="&"2025-12-31",Causal_Event_Ledger!$G$2:$G$500,"software_failure")+COUNTIFS(Causal_Event_Ledger!$A$2:$A$500,">="&"2025-01-01",Causal_Event_Ledger!$A$2:$A$500,"<="&"2025-12-31",Causal_Event_Ledger!$H$2:$H$500,"software_failure") | J11: =COUNTIFS(Causal_Event_Ledger!$A$2:$A$500,">="&"2025-01-01",Causal_Event_Ledger!$A$2:$A$500,"<="&"2025-12-31",Causal_Event_Ledger!$G$2:$G$500,"gnss_jamming")+COUNTIFS(Causal_Event_Ledger!$A$2:$A$500,">="&"2025-01-01",Causal_Event_Ledger!$A$2:$A$500,"<="&"2025-12-31",Causal_Event_Ledger!$H$2:$H$500,"gnss_jamming") | K11: =COUNTIFS(Causal_Event_Ledger!$A$2:$A$500,">="&"2025-01-01",Causal_Event_Ledger!$A$2:$A$500,"<="&"2025-12-31",Causal_Event_Ledger!$G$2:$G$500,"gnss_spoofing")+COUNTIFS(Causal_Event_Ledger!$A$2:$A$500,">="&"2025-01-01",Causal_Event_Ledger!$A$2:$A$500,"<="&"2025-12-31",Causal_Event_Ledger!$H$2:$H$500,"gnss_spoofing") | L11: =COUNTIFS(Causal_Event_Ledger!$A$2:$A$500,">="&"2025-01-01",Causal_Event_Ledger!$A$2:$A$500,"<="&"2025-12-31",Causal_Event_Ledger!$G$2:$G$500,"unknown_investigation")+COUNTIFS(Causal_Event_Ledger!$A$2:$A$500,">="&"2025-01-01",Causal_Event_Ledger!$A$2:$A$500,"<="&"2025-12-31",Causal_Event_Ledger!$H$2:$H$500,"unknown_investigation") | M11: =COUNTIFS(Causal_Event_Ledger!$A$2:$A$500,">="&"2025-01-01",Causal_Event_Ledger!$A$2:$A$500,"<="&"2025-12-31")
A12: 2026 | B12: =COUNTIFS(Causal_Event_Ledger!$A$2:$A$500,">="&"2026-01-01",Causal_Event_Ledger!$A$2:$A$500,"<="&"2026-12-31",Causal_Event_Ledger!$G$2:$G$500,"comms_failure")+COUNTIFS(Causal_Event_Ledger!$A$2:$A$500,">="&"2026-01-01",Causal_Event_Ledger!$A$2:$A$500,"<="&"2026-12-31",Causal_Event_Ledger!$H$2:$H$500,"comms_failure") | C12: =COUNTIFS(Causal_Event_Ledger!$A$2:$A$500,">="&"2026-01-01",Causal_Event_Ledger!$A$2:$A$500,"<="&"2026-12-31",Causal_Event_Ledger!$G$2:$G$500,"surveillance_failure")+COUNTIFS(Causal_Event_Ledger!$A$2:$A$500,">="&"2026-01-01",Causal_Event_Ledger!$A$2:$A$500,"<="&"2026-12-31",Causal_Event_Ledger!$H$2:$H$500,"surveillance_failure") | D12: =COUNTIFS(Causal_Event_Ledger!$A$2:$A$500,">="&"2026-01-01",Causal_Event_Ledger!$A$2:$A$500,"<="&"2026-12-31",Causal_Event_Ledger!$G$2:$G$500,"flight_data_processing")+COUNTIFS(Causal_Event_Ledger!$A$2:$A$500,">="&"2026-01-01",Causal_Event_Ledger!$A$2:$A$500,"<="&"2026-12-31",Causal_Event_Ledger!$H$2:$H$500,"flight_data_processing") | E12: =COUNTIFS(Causal_Event_Ledger!$A$2:$A$500,">="&"2026-01-01",Causal_Event_Ledger!$A$2:$A$500,"<="&"2026-12-31",Causal_Event_Ledger!$G$2:$G$500,"datalink_cpdlc")+COUNTIFS(Causal_Event_Ledger!$A$2:$A$500,">="&"2026-01-01",Causal_Event_Ledger!$A$2:$A$500,"<="&"2026-12-31",Causal_Event_Ledger!$H$2:$H$500,"datalink_cpdlc") | F12: =COUNTIFS(Causal_Event_Ledger!$A$2:$A$500,">="&"2026-01-01",Causal_Event_Ledger!$A$2:$A$500,"<="&"2026-12-31",Causal_Event_Ledger!$G$2:$G$500,"network_connectivity")+COUNTIFS(Causal_Event_Ledger!$A$2:$A$500,">="&"2026-01-01",Causal_Event_Ledger!$A$2:$A$500,"<="&"2026-12-31",Causal_Event_Ledger!$H$2:$H$500,"network_connectivity") | G12: =COUNTIFS(Causal_Event_Ledger!$A$2:$A$500,">="&"2026-01-01",Causal_Event_Ledger!$A$2:$A$500,"<="&"2026-12-31",Causal_Event_Ledger!$G$2:$G$500,"power_failure")+COUNTIFS(Causal_Event_Ledger!$A$2:$A$500,">="&"2026-01-01",Causal_Event_Ledger!$A$2:$A$500,"<="&"2026-12-31",Causal_Event_Ledger!$H$2:$H$500,"power_failure") | H12: =COUNTIFS(Causal_Event_Ledger!$A$2:$A$500,">="&"2026-01-01",Causal_Event_Ledger!$A$2:$A$500,"<="&"2026-12-31",Causal_Event_Ledger!$G$2:$G$500,"hardware_failure")+COUNTIFS(Causal_Event_Ledger!$A$2:$A$500,">="&"2026-01-01",Causal_Event_Ledger!$A$2:$A$500,"<="&"2026-12-31",Causal_Event_Ledger!$H$2:$H$500,"hardware_failure") | I12: =COUNTIFS(Causal_Event_Ledger!$A$2:$A$500,">="&"2026-01-01",Causal_Event_Ledger!$A$2:$A$500,"<="&"2026-12-31",Causal_Event_Ledger!$G$2:$G$500,"software_failure")+COUNTIFS(Causal_Event_Ledger!$A$2:$A$500,">="&"2026-01-01",Causal_Event_Ledger!$A$2:$A$500,"<="&"2026-12-31",Causal_Event_Ledger!$H$2:$H$500,"software_failure") | J12: =COUNTIFS(Causal_Event_Ledger!$A$2:$A$500,">="&"2026-01-01",Causal_Event_Ledger!$A$2:$A$500,"<="&"2026-12-31",Causal_Event_Ledger!$G$2:$G$500,"gnss_jamming")+COUNTIFS(Causal_Event_Ledger!$A$2:$A$500,">="&"2026-01-01",Causal_Event_Ledger!$A$2:$A$500,"<="&"2026-12-31",Causal_Event_Ledger!$H$2:$H$500,"gnss_jamming") | K12: =COUNTIFS(Causal_Event_Ledger!$A$2:$A$500,">="&"2026-01-01",Causal_Event_Ledger!$A$2:$A$500,"<="&"2026-12-31",Causal_Event_Ledger!$G$2:$G$500,"gnss_spoofing")+COUNTIFS(Causal_Event_Ledger!$A$2:$A$500,">="&"2026-01-01",Causal_Event_Ledger!$A$2:$A$500,"<="&"2026-12-31",Causal_Event_Ledger!$H$2:$H$500,"gnss_spoofing") | L12: =COUNTIFS(Causal_Event_Ledger!$A$2:$A$500,">="&"2026-01-01",Causal_Event_Ledger!$A$2:$A$500,"<="&"2026-12-31",Causal_Event_Ledger!$G$2:$G$500,"unknown_investigation")+COUNTIFS(Causal_Event_Ledger!$A$2:$A$500,">="&"2026-01-01",Causal_Event_Ledger!$A$2:$A$500,"<="&"2026-12-31",Causal_Event_Ledger!$H$2:$H$500,"unknown_investigation") | M12: =COUNTIFS(Causal_Event_Ledger!$A$2:$A$500,">="&"2026-01-01",Causal_Event_Ledger!$A$2:$A$500,"<="&"2026-12-31")

Sheet Military_Official_Ledger
A1: Date | B1: Country | C1: Service/operator | D1: Aircraft | E1: Event type | F1: Fatalities | G1: Aircraft lost/damaged | H1: Official cause / causal factor | I1: Cause code | J1: Cause confidence | K1: Digital relevance | L1: Hostile/fire relevance | M1: Investigation/source status | N1: Why retained | O1: Official source URL | P1: Coverage note
A2: 2016-07-08 | B2: United Kingdom | C2: MOD / test activity | D2: Yak-52 G-YAKB | E2: air accident | G2: accident | H2: Official Service Inquiry completed; causal-factor extraction still required from full report | I2: unknown_investigation | J2: official final report | K2: no evidence either way | L2: non-hostile | M2: Final Service Inquiry published 15 Jun 2017 | N2: Official military inquiry inside baseline period | O2: https://www.gov.uk/government/publications/service-inquiry-into-the-aircraft-accident-involving-yak52-g-yakb-on-8-july-2016 | P2: UK seed; not yet NATO-wide
A3: 2016-08-09 | B3: United Kingdom | C3: RAF | D3: Griffin Mk1 ZJ241 | E3: helicopter accident | G3: accident | H3: Official Service Inquiry completed; causal-factor extraction still required from full report | I3: unknown_investigation | J3: official final report | K3: no evidence either way | L3: non-hostile | M3: Final Service Inquiry published 16 Aug 2018 | N3: Official helicopter accident comparator | O3: https://www.gov.uk/government/publications/service-inquiry-into-the-accident-involving-a-griffin-mk1-zj241-at-yr-aran-snowdonia-wales | P3: UK seed; not yet NATO-wide
A4: 2017-08-25 | B4: United Kingdom | C4: RAF | D4: Hercules C-130J Mk4 ZH873 | E4: heavy landing | F4: 0 | G4: serious damage | H4: Official Service Inquiry completed; root-cause coding requires report extraction | I4: unknown_investigation | J4: official final report | K4: no evidence either way | L4: non-hostile | M4: Final Service Inquiry published 21 May 2019 | N4: Heavy-landing/airframe-loss comparator | O4: https://www.gov.uk/government/publications/service-inquiry-into-the-accident-involving-a-hercules-c-130j-mk4-zh873-heaving-land-incident-on-25-august-2017 | P4: UK seed; not yet NATO-wide
A5: 2018-03-20 | B5: United Kingdom | C5: RAF / Red Arrows | D5: Hawk T Mk1A XX204 | E5: crash | F5: 1 | G5: aircraft lost | H5: Official Service Inquiry completed; public announcement initially stated cause should not be speculated upon | I5: unknown_investigation | J5: official final report | K5: no evidence either way | L5: non-hostile | M5: Final Service Inquiry published 10 Oct 2019 | N5: Fatal non-hostile military aircraft-loss comparator | O5: https://www.gov.uk/government/publications/service-inquiry-into-the-accident-involving-hawk-t-mk1a-xx204-on-20-march-2018 | P5: UK seed; one fatality confirmed by MOD
A6: 2021-09-02 | B6: United Kingdom | C6: RAF | D6: Parachute training operation | E6: parachuting fatality | F6: 1 | G6: not aircraft loss | H6: DSA annual assurance report: turbulent wake from freefall position and malformed reserve pilot chute were causal factors | I6: human_factors | J6: official final finding | K6: not applicable | L6: non-hostile | M6: Final Service Inquiry published 22 Jun 2023 | N6: Air-safety adjacent control; kept but flagged as not aircraft loss | O6: https://www.gov.uk/government/publications/investigation-into-the-fatality-of-a-royal-air-force-parachute-instructor-at-raf-weston-on-the-green-on-2-september-2021 | P6: Exclude from aircraft-loss numerator
A7: 2021-11-17 | B7: United Kingdom | C7: RAF / 617 Sqn | D7: F-35B Lightning ZM152 | E7: carrier launch loss | F7: 0 | G7: aircraft lost | H7: DSA annual assurance report: an intake blank at the front face of the engine compressor during launch was the causal factor | I7: structural_mechanical | J7: official final finding | K7: not applicable | L7: non-hostile | M7: Final Service Inquiry published 10 Aug 2023 | N7: High-value aircraft loss with clear conventional cause | O7: https://www.gov.uk/government/publications/service-inquiry-into-the-loss-of-f-35b-lightning-zm152-bk-18 | P7: Strong control against treating every unexplained-looking loss as digital
A8: 2024-09-04 | B8: United Kingdom | C8: Royal Navy / HMS Queen Elizabeth | D8: air accident during carrier operations | E8: air accident | F8: 1 | G8: under investigation/final report now published | H8: Final Service Inquiry published 11 Sep 2026; detailed causal-factor extraction required | I8: unknown_investigation | J8: official final report | K8: no evidence either way | L8: non-hostile | M8: Final Service Inquiry available | N8: Recent pre-Iran-war fatal military aviation comparator | O8: https://www.gov.uk/government/publications/service-inquiry-into-the-death-of-a-service-person-in-an-air-accident-while-operating-with-hms-queen-elizabeth-on-4-september-2024 | P8: Critical report to extract next
A9: 2016-06-02 | B9: United States | C9: US Navy / Blue Angels | D9: F/A-18C Hornet | E9: practice-flight crash | F9: 1 | G9: aircraft lost | H9: Crashed during beginning stages of air-show practice; this row records the official occurrence. Detailed causal finding not yet extracted. | I9: unknown_investigation | J9: official occurrence | K9: no evidence either way | L9: non-hostile | M9: US Navy official release | N9: Fatal training/display comparator | O9: https://www.navy.mil/Press-Office/Press-Releases/display-pressreleases/Article/2257181/update-blue-angel-fa-18-crashes-during-air-show-practice/ | P9: NATO member; official Navy source
A10: 2016-06-07 | B10: United States | C10: US Air Force | D10: 2 × F-16C | E10: training mid-air collision | F10: 0 | G10: 2 aircraft lost | H10: AIB: pilot failed to ensure flight-path deconfliction/separation; unannounced turn produced head-on collision. | I10: human_factors | J10: official final finding | K10: not applicable | L10: non-hostile | M10: Air Combat Command AIB summary | N10: Two-aircraft loss with established conventional cause | O10: https://www.acc.af.mil/News/Article-Display/Article/1505189/f-16c-training-midair-collision-accident-investigation-released/ | P10: Both pilots ejected with minor injuries
A11: 2017-04-05 | B11: United States | C11: US Air Force / ANG | D11: F-16C | E11: training-flight crash | F11: 0 | G11: aircraft lost | H11: AIB: improper assembly of main engine control; missing retaining ring/anti-rotation pin led to abnormal fuel flow, engine overspeed/fire and catastrophic engine failure. | I11: engine_propulsion | J11: official final finding | K11: not applicable | L11: non-hostile | M11: Air Combat Command AIB | N11: Strong maintenance/mechanical-cause comparator | O11: https://www.acc.af.mil/News/Article/1354476/f-16c-accident-investigation-released/ | P11: Pilot ejected safely
A12: 2017-06-21 | B12: United States | C12: US Air Force / ANG under NORAD | D12: F-16 | E12: take-off crash during training | F12: 0 | G12: aircraft lost | H12: Official occurrence release confirms training crash; causal finding not extracted in this pass. | I12: unknown_investigation | J12: official occurrence | K12: no evidence either way | L12: non-hostile | M12: NORAD official release | N12: Unresolved-at-occurrence comparator | O12: https://www.norad.mil/Newsroom/Press-Releases/Article/1224526/f-16-crashes-at-ellington-airport/ | P12: Pilot ejected safely
A13: 2017-06-21 | B13: United States | C13: US Air Force | D13: RQ-4B Global Hawk | E13: uncrewed aircraft loss | F13: 0 | G13: aircraft lost | H13: ACC AIB tag summary: aircraft broke up after issues with a navigational data device/navigator. | I13: aircraft_avionics | J13: official final finding | K13: confirmed causal | L13: non-hostile | M13: Air Combat Command AIB index | N13: Direct historical navigation/data-system military comparator | O13: https://www.acc.af.mil/News/Tag/69171/aib/ | P13: Uncrewed; keep separate in analysis from crewed aircraft
A14: 2018-06-11 | B14: United States | C14: US Air Force | D14: F-15C Eagle | E14: routine-training crash | F14: 0 | G14: aircraft lost | H14: Later investigation attributed loss to improper manoeuvring leading to uncontrollable spin; occurrence release initially listed cause unknown. | I14: human_factors | J14: official final finding | K14: not applicable | L14: non-hostile | M14: US Forces Japan occurrence + subsequent AIB reporting | N14: Fighter loss with established non-digital cause | O14: https://www.usfj.mil/Media/Press-Releases/Article-View/Article/1547574/kadena-air-base-f-15-crash-update/ | P14: Pilot ejected; serious injuries
A15: 2019-11-21 | B15: United States | C15: US Air Force | D15: 2 × T-38C | E15: landing collision | F15: 2 | G15: 1+ aircraft severely damaged/lost | H15: AIB found inappropriate flight-control inputs during formation landing and instructor intervention/oversight issues. | I15: human_factors | J15: official final finding | K15: not applicable | L15: non-hostile | M15: USAF AIB | N15: Fatal training comparator with established cause | O15: https://www.afjag.af.mil/Portals/77/AIB-Reports/2020/21%20Nov%2019%20Vance%20T-38%20AIB%20Report.pdf | P15: Two fatalities in first aircraft; second crew survived
... A24: 2025-08-20 | B24: United States | C24: US Navy | D24: F/A-18E Super Hornet | E24: routine-training crash | F24: 0 | G24: aircraft lost | H24: Pilot ejected during routine training off Virginia; cause under investigation in the Navy statement reproduced by USNI. | I24: unknown_investigation | J24: official occurrence via Navy statement | K24: no evidence either way | L24: non-hostile | M24: US Navy statement | N24: Recent pre-2026 US naval aviation-loss comparator | O24: https://news.usni.org/2025/08/20/pilot-safe-after-super-hornet-crash-off-virginia-beach | P24: Official Navy release text reproduced in source
A25: 2025-08-28 | B25: Poland | C25: Polish Air Force | D25: F-16C | E25: air-show rehearsal crash | F25: 1 | G25: aircraft lost | H25: Crashed during rehearsal/training manoeuvre at Radom; investigation announced. No causal finding coded without official final report. | I25: unknown_investigation | J25: official/agency occurrence | K25: no evidence either way | L25: non-hostile | M25: Polish armed-forces statements reported by PAP; investigation pending | N25: Fatal NATO European fighter-loss comparator immediately pre-2026 | O25: https://www.pap.pl/en/news/poland-cancels-air-show-after-f-16-pilot-dies-during-rehearsal
A26: 2022-08-02 | B26: Canada | C26: Royal Canadian Air Force / Snowbirds | D26: CT-114 Tutor CT114051 | E26: engine failure / runway overrun | F26: 0 | G26: very serious damage | H26: RCAF investigation: engine failed because of an improperly assembled oil filter; landing gear had insufficient time to cycle down and collapsed after touchdown. | I26: engine_propulsion | J26: official investigation | K26: not applicable | L26: non-hostile | M26: RCAF Flight Safety investigation | N26: Official Canadian mechanical/maintenance comparator | O26: https://www.canada.ca/en/air-force/corporate/reports-publications/flight-safety-investigation-reports/ct114051-epilogue.html | P26: Pilot uninjured
A27: 2024-08-14 | B27: France | C27: French Air and Space Force | D27: 2 × Rafale | E27: mid-air collision during training | F27: 2 | G27: 2 aircraft destroyed | H27: BEA-É: while conducting visual close-combat training after diverting from locally adverse weather, the two aircraft collided during the second crossing. | I27: collision | J27: official final safety report | K27: no evidence either way | L27: non-hostile | M27: BEA-É safety investigation A-2024-19-A | N27: Two-aircraft fatal European NATO comparator | O27: https://www.defense.gouv.fr/de/node/23772 | P27: One pilot ejected; both occupants of the other aircraft died
A28: 2024-12-12 | B28: France | C28: French Air and Space Force | D28: Rafale | E28: bird strike / rejected take-off | F28: 0 | G28: aircraft damaged | H28: BEA-É: aircraft struck a bird just before rotation; pilot rejected take-off. Brake-energy warning followed continuous braking and fires later developed on both main-wheel rims. | I28: bird_wildlife | J28: official final safety report | K28: not applicable | L28: non-hostile | M28: BEA-É safety investigation A-2024-26-I | N28: Clear physical-cause comparator with secondary brake/fire consequences | O28: https://www.defense.gouv.fr/de/node/21181 | P28: Not an aircraft loss; retained as serious military aviation safety event
A29: 2024-05-28 | B29: United States | C29: US Air Force | D29: F-16C | E29: bird strike after take-off | F29: 0 | G29: aircraft damaged/recovered | H29: AIB: collision with waterfowl not visible to aircrew or tower caused significant engine damage; pilot jettisoned external tanks and recovered safely. | I29: bird_wildlife | J29: official final finding | K29: not applicable | L29: non-hostile | M29: PACAF/354th FW AIB release | N29: Useful case where suspected aircraft problem has an established environmental cause | O29: https://www.505ccw.acc.af.mil/News/Article-Display/Article/4183904/press-release-f-16-aib-report/ | P29: No injuries

Sheet Military_Coverage_Matrix
A1: Year | B1: UK official inquiry collection checked | C1: NATO-wide coverage | D1: Interpretation
A2: 2016 | B2: seeded | C2: not complete | D2: Do not use row count as NATO rate
A3: 2017 | B3: seeded | C3: not complete | D3: Do not use row count as NATO rate
A4: 2018 | B4: seeded | C4: not complete | D4: Do not use row count as NATO rate
A5: 2019 | B5: collection checked; no row yet | C5: not complete | D5: Absence in current ledger is not zero accidents
A6: 2020 | B6: collection checked; no row yet | C6: not complete | D6: Absence in current ledger is not zero accidents
A7: 2021 | B7: seeded | C7: not complete | D7: Includes F-35B loss; parachute fatality separately flagged
A8: 2022 | B8: collection checked; no qualifying aircraft-loss row yet | C8: not complete | D8: Needs other NATO members
A9: 2023 | B9: collection checked; no qualifying aircraft-loss row yet | C9: not complete | D9: Needs other NATO members
A10: 2024 | B10: seeded | C10: not complete | D10: Queen Elizabeth air accident report now available
A11: 2025 | B11: collection checked; no qualifying UK row yet | C11: not complete | D11: Needs other NATO members
A12: 2026 | B12: observation dataset separate | C12: in progress | D12: Post-28-Feb observation list requires official-source reconciliation

Sheet Military_Source_Map
A1: Jurisdiction/source | B1: Status | C1: What it gives us | D1: URL
A2: UK MOD / Defence Safety Authority Service Inquiries | B2: active; seeded | C2: Final military accident investigations and causal findings | D2: https://www.gov.uk/government/collections/service-inquiry-si
A3: UK Military Aircraft Accident Summaries | B3: active historical archive | C3: Completed RAF serious-accident summaries; >300 held centrally since 1979 per MOD collection | D3: https://www.gov.uk/government/collections/service-inquiry-si
A4: Other NATO national military safety authorities | B4: to backfill | C4: Needed for denominator beyond UK; country-by-country official source mapping
A5: France — BEA-É | B5: active; seeded | C5: Official military/state-aircraft safety investigations; annual enquiry totals and individual reports | D5: https://www.defense.gouv.fr/bea-e
A6: Canada — RCAF Flight Safety | B6: active; seeded | C6: Flight Safety investigation reports with occurrence, investigator and epilogue/final findings | D6: https://www.canada.ca/en/air-force/corporate/reports-publications/flight-safety-investigation-reports.html
A7: United States — USAF AIB / service safety investigations | B7: active; substantially seeded | C7: Accident Investigation Board reports and official causal findings | D7: https://www.afjag.af.mil/AIB-Reports/
A8: Finland — Finnish Air Force / Government releases | B8: seeded; investigation backfill needed | C8: Official occurrence releases and later investigation material | D8: https://ilmavoimat.fi/en/
A9: Greece — Hellenic Air Force | B9: seeded; investigation backfill needed | C9: Official occurrence releases | D9: https://www.haf.gr/

Sheet Military_Info_System_Cases
A1: Date | B1: Aircraft | C1: Country | D1: Information-system element | E1: Role in accident | F1: What the official finding DOES say | G1: What it DOES NOT establish | H1: Source URL
A2: 2017-06-21 | B2: RQ-4B Global Hawk | C2: United States | D2: navigation data device / navigator | E2: causal | F2: ACC says the aircraft broke up after experiencing issues with a navigational data device/navigator. | G2: No evidence in this source that external interference caused the device issue. | H2: https://www.acc.af.mil/News/Tag/69171/aib/
A3: 2020-12-08 | B3: F-16C | C3: United States | D3: degraded GPS satellite tracking | E3: substantially contributory | F3: AIB says GPS degradation from absence of satellite tracking data contributed alongside fixation; primary cause was spatial disorientation. | G3: Does not say jamming, spoofing or hostile EW caused the GPS degradation. | H3: https://www.acc.af.mil/News/Article-Display/Article/2651324/acc-releases-accident-investigation-board-report-for-f-16-crash-in-the-hiawatha/
A4: 2025-01-28 | B4: F-35A | C4: United States | D4: Weight-on-Wheels / flight-control law | E4: failure propagation / contributory mechanism | F4: Frozen water-contaminated hydraulic fluid caused landing-gear sensor state to indicate on-ground, switching flight-control law while airborne. | G4: Root cause was physical contamination/freezing, not a cyber or external information attack. | H4: https://www.eielson.af.mil/News/Display/Article/4286209/press-release-aircraft-accident-investigation-report-released-for-eielson-f-35/

Sheet Military_Annual_Snapshot
A1: Year | B1: Populated events | C1: Fatalities recorded | D1: Unknown-cause rows | E1: Human-factor rows | F1: Info/digital causal or contributory rows | G1: Coverage status | I1: READ THIS BEFORE GRAPHING
A2: 2016 | B2: =COUNTIFS(Military_Official_Ledger!$A$2:$A$500,">=2016-01-01",Military_Official_Ledger!$A$2:$A$500,"<=2016-12-31") | C2: =SUMIFS(Military_Official_Ledger!$F$2:$F$500,Military_Official_Ledger!$A$2:$A$500,">=2016-01-01",Military_Official_Ledger!$A$2:$A$500,"<=2016-12-31") | D2: =COUNTIFS(Military_Official_Ledger!$A$2:$A$500,">=2016-01-01",Military_Official_Ledger!$A$2:$A$500,"<=2016-12-31",Military_Official_Ledger!$I$2:$I$500,"unknown_investigation") | E2: =COUNTIFS(Military_Official_Ledger!$A$2:$A$500,">=2016-01-01",Military_Official_Ledger!$A$2:$A$500,"<=2016-12-31",Military_Official_Ledger!$I$2:$I$500,"human_factors") | F2: =COUNTIFS(Military_Official_Ledger!$A$2:$A$500,">=2016-01-01",Military_Official_Ledger!$A$2:$A$500,"<=2016-12-31",Military_Official_Ledger!$K$2:$K$500,"confirmed causal")+COUNTIFS(Military_Official_Ledger!$A$2:$A$500,">=2016-01-01",Military_Official_Ledger!$A$2:$A$500,"<=2016-12-31",Military_Official_Ledger!$K$2:$K$500,"confirmed contributory") | G2: partial — not NATO-complete | I2: Current status | J2: Substantially populated seed, NOT exhaustive NATO-wide series.
A3: 2017 | B3: =COUNTIFS(Military_Official_Ledger!$A$2:$A$500,">=2017-01-01",Military_Official_Ledger!$A$2:$A$500,"<=2017-12-31") | C3: =SUMIFS(Military_Official_Ledger!$F$2:$F$500,Military_Official_Ledger!$A$2:$A$500,">=2017-01-01",Military_Official_Ledger!$A$2:$A$500,"<=2017-12-31") | D3: =COUNTIFS(Military_Official_Ledger!$A$2:$A$500,">=2017-01-01",Military_Official_Ledger!$A$2:$A$500,"<=2017-12-31",Military_Official_Ledger!$I$2:$I$500,"unknown_investigation") | E3: =COUNTIFS(Military_Official_Ledger!$A$2:$A$500,">=2017-01-01",Military_Official_Ledger!$A$2:$A$500,"<=2017-12-31",Military_Official_Ledger!$I$2:$I$500,"human_factors") | F3: =COUNTIFS(Military_Official_Ledger!$A$2:$A$500,">=2017-01-01",Military_Official_Ledger!$A$2:$A$500,"<=2017-12-31",Military_Official_Ledger!$K$2:$K$500,"confirmed causal")+COUNTIFS(Military_Official_Ledger!$A$2:$A$500,">=2017-01-01",Military_Official_Ledger!$A$2:$A$500,"<=2017-12-31",Military_Official_Ledger!$K$2:$K$500,"confirmed contributory") | G3: partial — not NATO-complete | I3: Safe use | J3: Use rows as identified comparators and causal examples.
A4: 2018 | B4: =COUNTIFS(Military_Official_Ledger!$A$2:$A$500,">=2018-01-01",Military_Official_Ledger!$A$2:$A$500,"<=2018-12-31") | C4: =SUMIFS(Military_Official_Ledger!$F$2:$F$500,Military_Official_Ledger!$A$2:$A$500,">=2018-01-01",Military_Official_Ledger!$A$2:$A$500,"<=2018-12-31") | D4: =COUNTIFS(Military_Official_Ledger!$A$2:$A$500,">=2018-01-01",Military_Official_Ledger!$A$2:$A$500,"<=2018-12-31",Military_Official_Ledger!$I$2:$I$500,"unknown_investigation") | E4: =COUNTIFS(Military_Official_Ledger!$A$2:$A$500,">=2018-01-01",Military_Official_Ledger!$A$2:$A$500,"<=2018-12-31",Military_Official_Ledger!$I$2:$I$500,"human_factors") | F4: =COUNTIFS(Military_Official_Ledger!$A$2:$A$500,">=2018-01-01",Military_Official_Ledger!$A$2:$A$500,"<=2018-12-31",Military_Official_Ledger!$K$2:$K$500,"confirmed causal")+COUNTIFS(Military_Official_Ledger!$A$2:$A$500,">=2018-01-01",Military_Official_Ledger!$A$2:$A$500,"<=2018-12-31",Military_Official_Ledger!$K$2:$K$500,"confirmed contributory") | G4: partial — not NATO-complete | I4: Unsafe use | J4: Do not yet compare raw annual counts as accident rates.
A5: 2019 | B5: =COUNTIFS(Military_Official_Ledger!$A$2:$A$500,">=2019-01-01",Military_Official_Ledger!$A$2:$A$500,"<=2019-12-31") | C5: =SUMIFS(Military_Official_Ledger!$F$2:$F$500,Military_Official_Ledger!$A$2:$A$500,">=2019-01-01",Military_Official_Ledger!$A$2:$A$500,"<=2019-12-31") | D5: =COUNTIFS(Military_Official_Ledger!$A$2:$A$500,">=2019-01-01",Military_Official_Ledger!$A$2:$A$500,"<=2019-12-31",Military_Official_Ledger!$I$2:$I$500,"unknown_investigation") | E5: =COUNTIFS(Military_Official_Ledger!$A$2:$A$500,">=2019-01-01",Military_Official_Ledger!$A$2:$A$500,"<=2019-12-31",Military_Official_Ledger!$I$2:$I$500,"human_factors") | F5: =COUNTIFS(Military_Official_Ledger!$A$2:$A$500,">=2019-01-01",Military_Official_Ledger!$A$2:$A$500,"<=2019-12-31",Military_Official_Ledger!$K$2:$K$500,"confirmed causal")+COUNTIFS(Military_Official_Ledger!$A$2:$A$500,">=2019-01-01",Military_Official_Ledger!$A$2:$A$500,"<=2019-12-31",Military_Official_Ledger!$K$2:$K$500,"confirmed contributory") | G5: partial — not NATO-complete | I5: Key finding already supported | J5: Information/navigation-system involvement in military accidents predates 2026.
A6: 2020 | B6: =COUNTIFS(Military_Official_Ledger!$A$2:$A$500,">=2020-01-01",Military_Official_Ledger!$A$2:$A$500,"<=2020-12-31") | C6: =SUMIFS(Military_Official_Ledger!$F$2:$F$500,Military_Official_Ledger!$A$2:$A$500,">=2020-01-01",Military_Official_Ledger!$A$2:$A$500,"<=2020-12-31") | D6: =COUNTIFS(Military_Official_Ledger!$A$2:$A$500,">=2020-01-01",Military_Official_Ledger!$A$2:$A$500,"<=2020-12-31",Military_Official_Ledger!$I$2:$I$500,"unknown_investigation") | E6: =COUNTIFS(Military_Official_Ledger!$A$2:$A$500,">=2020-01-01",Military_Official_Ledger!$A$2:$A$500,"<=2020-12-31",Military_Official_Ledger!$I$2:$I$500,"human_factors") | F6: =COUNTIFS(Military_Official_Ledger!$A$2:$A$500,">=2020-01-01",Military_Official_Ledger!$A$2:$A$500,"<=2020-12-31",Military_Official_Ledger!$K$2:$K$500,"confirmed causal")+COUNTIFS(Military_Official_Ledger!$A$2:$A$500,">=2020-01-01",Military_Official_Ledger!$A$2:$A$500,"<=2020-12-31",Military_Official_Ledger!$K$2:$K$500,"confirmed contributory") | G6: partial — not NATO-complete | I6: Critical example | J6: 2020 F-16: degraded GPS tracking was an official substantial contributing factor, but no hostile jamming/spoofing attribution.
A7: 2021 | B7: =COUNTIFS(Military_Official_Ledger!$A$2:$A$500,">=2021-01-01",Military_Official_Ledger!$A$2:$A$500,"<=2021-12-31") | C7: =SUMIFS(Military_Official_Ledger!$F$2:$F$500,Military_Official_Ledger!$A$2:$A$500,">=2021-01-01",Military_Official_Ledger!$A$2:$A$500,"<=2021-12-31") | D7: =COUNTIFS(Military_Official_Ledger!$A$2:$A$500,">=2021-01-01",Military_Official_Ledger!$A$2:$A$500,"<=2021-12-31",Military_Official_Ledger!$I$2:$I$500,"unknown_investigation") | E7: =COUNTIFS(Military_Official_Ledger!$A$2:$A$500,">=2021-01-01",Military_Official_Ledger!$A$2:$A$500,"<=2021-12-31",Military_Official_Ledger!$I$2:$I$500,"human_factors") | F7: =COUNTIFS(Military_Official_Ledger!$A$2:$A$500,">=2021-01-01",Military_Official_Ledger!$A$2:$A$500,"<=2021-12-31",Military_Official_Ledger!$K$2:$K$500,"confirmed causal")+COUNTIFS(Military_Official_Ledger!$A$2:$A$500,">=2021-01-01",Military_Official_Ledger!$A$2:$A$500,"<=2021-12-31",Military_Official_Ledger!$K$2:$K$500,"confirmed contributory") | G7: partial — not NATO-complete
A8: 2022 | B8: =COUNTIFS(Military_Official_Ledger!$A$2:$A$500,">=2022-01-01",Military_Official_Ledger!$A$2:$A$500,"<=2022-12-31") | C8: =SUMIFS(Military_Official_Ledger!$F$2:$F$500,Military_Official_Ledger!$A$2:$A$500,">=2022-01-01",Military_Official_Ledger!$A$2:$A$500,"<=2022-12-31") | D8: =COUNTIFS(Military_Official_Ledger!$A$2:$A$500,">=2022-01-01",Military_Official_Ledger!$A$2:$A$500,"<=2022-12-31",Military_Official_Ledger!$I$2:$I$500,"unknown_investigation") | E8: =COUNTIFS(Military_Official_Ledger!$A$2:$A$500,">=2022-01-01",Military_Official_Ledger!$A$2:$A$500,"<=2022-12-31",Military_Official_Ledger!$I$2:$I$500,"human_factors") | F8: =COUNTIFS(Military_Official_Ledger!$A$2:$A$500,">=2022-01-01",Military_Official_Ledger!$A$2:$A$500,"<=2022-12-31",Military_Official_Ledger!$K$2:$K$500,"confirmed causal")+COUNTIFS(Military_Official_Ledger!$A$2:$A$500,">=2022-01-01",Military_Official_Ledger!$A$2:$A$500,"<=2022-12-31",Military_Official_Ledger!$K$2:$K$500,"confirmed contributory") | G8: partial — not NATO-complete
A9: 2023 | B9: =COUNTIFS(Military_Official_Ledger!$A$2:$A$500,">=2023-01-01",Military_Official_Ledger!$A$2:$A$500,"<=2023-12-31") | C9: =SUMIFS(Military_Official_Ledger!$F$2:$F$500,Military_Official_Ledger!$A$2:$A$500,">=2023-01-01",Military_Official_Ledger!$A$2:$A$500,"<=2023-12-31") | D9: =COUNTIFS(Military_Official_Ledger!$A$2:$A$500,">=2023-01-01",Military_Official_Ledger!$A$2:$A$500,"<=2023-12-31",Military_Official_Ledger!$I$2:$I$500,"unknown_investigation") | E9: =COUNTIFS(Military_Official_Ledger!$A$2:$A$500,">=2023-01-01",Military_Official_Ledger!$A$2:$A$500,"<=2023-12-31",Military_Official_Ledger!$I$2:$I$500,"human_factors") | F9: =COUNTIFS(Military_Official_Ledger!$A$2:$A$500,">=2023-01-01",Military_Official_Ledger!$A$2:$A$500,"<=2023-12-31",Military_Official_Ledger!$K$2:$K$500,"confirmed causal")+COUNTIFS(Military_Official_Ledger!$A$2:$A$500,">=2023-01-01",Military_Official_Ledger!$A$2:$A$500,"<=2023-12-31",Military_Official_Ledger!$K$2:$K$500,"confirmed contributory") | G9: partial — not NATO-complete
A10: 2024 | B10: =COUNTIFS(Military_Official_Ledger!$A$2:$A$500,">=2024-01-01",Military_Official_Ledger!$A$2:$A$500,"<=2024-12-31") | C10: =SUMIFS(Military_Official_Ledger!$F$2:$F$500,Military_Official_Ledger!$A$2:$A$500,">=2024-01-01",Military_Official_Ledger!$A$2:$A$500,"<=2024-12-31") | D10: =COUNTIFS(Military_Official_Ledger!$A$2:$A$500,">=2024-01-01",Military_Official_Ledger!$A$2:$A$500,"<=2024-12-31",Military_Official_Ledger!$I$2:$I$500,"unknown_investigation") | E10: =COUNTIFS(Military_Official_Ledger!$A$2:$A$500,">=2024-01-01",Military_Official_Ledger!$A$2:$A$500,"<=2024-12-31",Military_Official_Ledger!$I$2:$I$500,"human_factors") | F10: =COUNTIFS(Military_Official_Ledger!$A$2:$A$500,">=2024-01-01",Military_Official_Ledger!$A$2:$A$500,"<=2024-12-31",Military_Official_Ledger!$K$2:$K$500,"confirmed causal")+COUNTIFS(Military_Official_Ledger!$A$2:$A$500,">=2024-01-01",Military_Official_Ledger!$A$2:$A$500,"<=2024-12-31",Military_Official_Ledger!$K$2:$K$500,"confirmed contributory") | G10: partial — not NATO-complete
A11: 2025 | B11: =COUNTIFS(Military_Official_Ledger!$A$2:$A$500,">=2025-01-01",Military_Official_Ledger!$A$2:$A$500,"<=2025-12-31") | C11: =SUMIFS(Military_Official_Ledger!$F$2:$F$500,Military_Official_Ledger!$A$2:$A$500,">=2025-01-01",Military_Official_Ledger!$A$2:$A$500,"<=2025-12-31") | D11: =COUNTIFS(Military_Official_Ledger!$A$2:$A$500,">=2025-01-01",Military_Official_Ledger!$A$2:$A$500,"<=2025-12-31",Military_Official_Ledger!$I$2:$I$500,"unknown_investigation") | E11: =COUNTIFS(Military_Official_Ledger!$A$2:$A$500,">=2025-01-01",Military_Official_Ledger!$A$2:$A$500,"<=2025-12-31",Military_Official_Ledger!$I$2:$I$500,"human_factors") | F11: =COUNTIFS(Military_Official_Ledger!$A$2:$A$500,">=2025-01-01",Military_Official_Ledger!$A$2:$A$500,"<=2025-12-31",Military_Official_Ledger!$K$2:$K$500,"confirmed causal")+COUNTIFS(Military_Official_Ledger!$A$2:$A$500,">=2025-01-01",Military_Official_Ledger!$A$2:$A$500,"<=2025-12-31",Military_Official_Ledger!$K$2:$K$500,"confirmed contributory") | G11: partial — not NATO-complete
A12: 2026 | B12: =COUNTIFS(Military_Official_Ledger!$A$2:$A$500,">=2026-01-01",Military_Official_Ledger!$A$2:$A$500,"<=2026-12-31") | C12: =SUMIFS(Military_Official_Ledger!$F$2:$F$500,Military_Official_Ledger!$A$2:$A$500,">=2026-01-01",Military_Official_Ledger!$A$2:$A$500,"<=2026-12-31") | D12: =COUNTIFS(Military_Official_Ledger!$A$2:$A$500,">=2026-01-01",Military_Official_Ledger!$A$2:$A$500,"<=2026-12-31",Military_Official_Ledger!$I$2:$I$500,"unknown_investigation") | E12: =COUNTIFS(Military_Official_Ledger!$A$2:$A$500,">=2026-01-01",Military_Official_Ledger!$A$2:$A$500,"<=2026-12-31",Military_Official_Ledger!$I$2:$I$500,"human_factors") | F12: =COUNTIFS(Military_Official_Ledger!$A$2:$A$500,">=2026-01-01",Military_Official_Ledger!$A$2:$A$500,"<=2026-12-31",Military_Official_Ledger!$K$2:$K$500,"confirmed causal")+COUNTIFS(Military_Official_Ledger!$A$2:$A$500,">=2026-01-01",Military_Official_Ledger!$A$2:$A$500,"<=2026-12-31",Military_Official_Ledger!$K$2:$K$500,"confirmed contributory") | G12: partial — not NATO-complete

Sheet Country_Coverage
A1: Country | B1: NATO during study period | C1: Official investigation source identified | D1: Event rows seeded | E1: Cause-level data present | F1: Status / limitation
A2: United Kingdom | B2: yes | C2: yes | D2: yes | E2: yes | F2: Good official archive; further event extraction possible
A3: United States | B3: yes | C3: yes | D3: yes | E3: yes | F3: Strong AIB coverage; not yet exhaustive across Navy/Army/Marine aviation
A4: France | B4: yes | C4: yes | D4: yes | E4: yes | F4: BEA-É annual reports and individual safety investigations available
A5: Canada | B5: yes | C5: yes | D5: yes | E5: yes | F5: RCAF Flight Safety archive available
A6: Finland | B6: from Apr 2023 | C6: yes | D6: yes | E6: partial | F6: Only NATO-period events count toward NATO baseline
A7: Greece | B7: yes | C7: yes | D7: yes | E7: no final cause yet | F7: Occurrence seeded; final-investigation search required
A8: Poland | B8: yes | C8: partial | D8: yes | E8: no final cause yet | F8: Occurrence seeded; official final-investigation source still required
A9: Germany | B9: yes | C9: not yet mapped | D9: no | E9: no | F9: OPEN
A10: Italy | B10: yes | C10: not yet mapped | D10: no | E10: no | F10: OPEN
A11: Spain | B11: yes | C11: not yet mapped | D11: no | E11: no | F11: OPEN
A12: Türkiye | B12: yes | C12: not yet mapped | D12: no | E12: no | F12: OPEN
... A22: Sweden | B22: from Mar 2024 | C22: not yet mapped | D22: no | E22: no | F22: Only NATO-period events count

Sheet France_BEA_E_Aggregates
A1: Year | B1: Safety investigations opened | C1: Fatality context | D1: Source / note | F1: Official source | G1: URL
A2: 2023 | B2: 16 | C2: BEA-É 2025 bilan states no deaths in 2023 among the comparison described | D2: Referenced in 2025 annual bilan | F2: BEA-É Bilan 2025 | G2: https://www.defense.gouv.fr/sites/default/files/bea-e/Bilan%202025%20VFINALE_compressed-1.pdf
A3: 2024 | B3: 19 | C3: Two Rafale pilots died in mid-air collision; one third-party death in helicopter rescue context | D3: BEA-É Bilan 2025 | F3: 2024 investigation catalogue | G3: https://www.defense.gouv.fr/bea-e/rapports-denquete/rapports-denquete-securite-2024-0

Sheet UK_2026_Comparison
A1: Date | B1: UK 2026 observation | C1: Domain | D1: Fatalities | E1: Aircraft lost | F1: Current cause code | G1: Current public cause/status | H1: Digital/nav evidence | I1: EW/hostile evidence | J1: Closest historical comparator(s) | K1: Comparator relationship | L1: What is actually unusual? | M1: Interpretive status
A2: 2026-06-03 | B2: Royal Navy Merlin Mk4 crash, Devon | C2: military aircraft | D2: 3 | E2: 1 | F2: unknown_investigation | G2: Cause not publicly established in the research set; investigation ongoing; fleet returned to flying 10 Jun. | H2: No public evidence identified tying the accident to GNSS/navigation/data-system failure. | I2: No public evidence identified tying the accident to hostile action or EW. | J2: UK 2018 Hawk XX204; France 2024 Rafale collision; US fatal training accidents | K2: Fatal non-hostile training losses exist historically; the relevant comparison is cause-resolution maturity, not mere existence of a fatal crash. | L2: Three fatalities and unresolved public cause make it high-consequence, but neither feature by itself is historically unique. | M2: UNRESOLVED — do not infer digital/EW
A3: 2026-09-23 | B3: RAF Hawk T2 crash, RAF Valley/Anglesey | C3: military aircraft | D3: 0 | E3: 1 | F3: unknown_investigation | G3: Both pilots ejected; minor injuries; investigation beginning. | H3: No public digital/navigation anomaly identified in the research set. | I3: No public hostile/EW connection identified. | J3: US 2016 F-16 collision; US 2022 F-16; Finland 2025 F/A-18 | K3: Training aircraft losses with successful ejection are common enough in the historical comparator set. | L3: Very recent event; low investigation maturity is expected and should not be treated as anomalous. | M3: TOO EARLY FOR CAUSAL COMPARISON
A4: 2026-09-08 | B4: NATS major flight-processing failure | C4: civil ATM/digital | D4: 0 | E4: 0 | F4: software_failure | G4: NATS attributed incident to a software defect/timing condition producing corrupted output; military intervention/cyberattack not supported. | H4: Confirmed digital/system failure. | I4: Malicious/military interference explicitly not supported in the established account. | J4: London ACC computer-system failure 2023; Barcelona FDPS 2023; Milan FDPS 2024; Karlsruhe FDPS instability 2024 | K4: Very strong historical mechanism match: flight-data/computer processing failures caused major ATFM disruption before 2026. | L4: Scale was severe, but mechanism is not novel in the baseline. | M4: GOOD HISTORICAL MATCH
A5: 2026-09-21 | B5: NATS Prestwick connectivity/equipment failure | C5: civil ATM/digital | D5: 0 | E5: 0 | F5: network_connectivity | G5: Separate connectivity/equipment failure; 227 cancellations in the established research set. | H5: Confirmed information-system relevance. | I5: No demonstrated war/EW connection in current evidence. | J5: Reims IT-services failure 2023; Zagreb/Marseille comms failures 2024; German multi-centre technical issue 2024 | K5: Strong family-level match for network/comms/control-centre technical failures. | L5: Temporal proximity to 8 Sep is worth retaining, but two failures do not establish common cause. | M5: GOOD FAMILY-LEVEL MATCH
A6: 2026-08-12 | B6: Barcelona-El Prat tower electrical failure | C6: civil ATM/infrastructure | D6: 0 | E6: 0 | F6: power_failure | G6: Primary and backup power reportedly failed; cancellations/diversions followed. | H6: Digital systems affected through loss of power, but proximate cause is electrical/resilience. | I6: No demonstrated hostile/EW connection. | J6: Bodø power failure 2024 | K6: Direct power-failure comparator exists; Barcelona's backup failure is the more interesting resilience feature. | L6: Failure of redundancy is more analytically notable than the existence of a power outage. | M6: GOOD MATCH; RESILIENCE DETAIL MATTERS
A7: 2026-07-27 | B7: Brest ACC CPDLC/datalink outage | C7: civil ATM/digital | D7: 0 | E7: 0 | F7: datalink_cpdlc | G7: CPDLC/datalink outage; 3,419 ATFM delay minutes in established research set. | H7: Confirmed datalink failure. | I7: No demonstrated hostile/EW connection. | J7: Reims/Bordeaux/Maastricht/Vienna CPDLC 2024; Reims datalink 2024; European CPDLC 2025 | K7: Excellent mechanism match with multiple pre-2026 European datalink events. | L7: Not anomalous by mechanism; compare magnitude/exposure. | M7: VERY GOOD HISTORICAL MATCH
A8: 2026-08-31 | B8: Multi-centre CPDLC outage: France/UK/Germany/Switzerland | C8: civil ATM/digital | D8: 0 | E8: 0 | F8: datalink_cpdlc | G8: Multi-centre CPDLC outage; 5,168 delay minutes in established research set. | H8: Confirmed datalink failure. | I8: No demonstrated hostile/EW connection. | J8: Multi-ACC CPDLC issue 10 Aug 2024 | K8: Near-direct historical match: 2024 also produced simultaneous CPDLC capacity effects across several European ACCs. | L8: Cross-border scope is conspicuous but not unprecedented in the assembled baseline. | M8: NEAR-DIRECT HISTORICAL MATCH
A9: 2026-03-25 onward | B9: Documented European GNSS jamming/spoofing environment | C9: GNSS/EW environment | D9: 0 | E9: 0 | F9: gnss_jamming / gnss_spoofing | G9: EASA/EUROCONTROL publicly treated GNSS interference as a growing aviation safety/resilience threat. | H9: Confirmed environmental information degradation. | I9: Intentional interference is documented at environment level; attribution varies and this row is not an accident. | J9: US 2020 F-16 degraded GPS contribution; US 2017 RQ-4 navigation-data issue | K9: Historical military cases establish that degraded navigation information can matter operationally, but they do not establish hostile EW as the cause. | L9: The unusual feature is coexistence of an acknowledged interference environment with other failures, not a demonstrated causal bridge to them. | M9: CONTEXTUALLY IMPORTANT; CAUSAL BRIDGE UNPROVEN

Sheet Useful_VLOOKUP
A1: UK/2026 target | B1: Match rank | C1: Historical event | D1: Date | E1: Country | F1: Cause family | G1: Why it matches | H1: Important mismatch / limit | I1: Match quality
A2: NATS 8 Sep software/flight-processing failure | B2: 1 | C2: London ACC computer system failure | D2: 2023-06-14 | E2: UK | F2: hardware/computer system | G2: Same national ATM environment; computer-system failure produced 12,450 ATFM delay minutes. | H2: Historical report's root component not yet resolved to same software mechanism. | I2: strong
A3: NATS 8 Sep software/flight-processing failure | B3: 2 | C3: Barcelona ACC FDPS failure | D3: 2023-06-30 | E3: Spain | F3: flight_data_processing | G3: Explicit pre-2026 flight-data-processing failure. | H3: Different ANSP/system and smaller recorded delay burden. | I3: strong
A4: NATS 8 Sep software/flight-processing failure | B4: 3 | C4: Milano FDPS failure | D4: 2024-10-20 | E4: Italy | F4: flight_data_processing | G4: Explicit FDPS failure with 9,772 ATFM delay minutes. | H4: Different implementation/system. | I4: strong
A5: Prestwick 21 Sep connectivity/equipment failure | B5: 1 | C5: Reims ACC IT services failure | D5: 2023-06-24 | E5: France | F5: network_connectivity | G5: Explicit IT-services failure in an ACC. | H5: Different technical stack; mechanism only family-level. | I5: moderate-strong
A6: Prestwick 21 Sep connectivity/equipment failure | B6: 2 | C6: Marseille communication system failure | D6: 2024-09-24 | E6: France | F6: comms_failure | G6: Control-centre communications failure with knock-on effects in neighbouring ACCs. | H6: Comms is not necessarily the same as internal connectivity. | I6: moderate
A7: Barcelona 12 Aug power + backup failure | B7: 1 | C7: Bodø power failure | D7: 2024-08-16 | E7: Norway | F7: power_failure | G7: Direct pre-2026 ATC power-failure comparator; 6,097 ATFM delay minutes. | H7: Current Barcelona case includes reported backup failure, which is an additional resilience dimension. | I7: strong
A8: Brest 27 Jul CPDLC outage | B8: 1 | C8: Reims data link issue | D8: 2024-09-01 | E8: France | F8: datalink_cpdlc | G8: Same broad French datalink/CPDLC failure family. | H8: Different centre/date; underlying component may differ. | I8: strong
A9: Multi-centre CPDLC 31 Aug | B9: 1 | C9: Reims/Bordeaux/Maastricht/Vienna CPDLC issue | D9: 2024-08-10 | E9: Europe | F9: datalink_cpdlc | G9: Pre-2026 multi-country, multi-ACC CPDLC capacity disruption. | H9: Need component-level reports before calling mechanisms identical. | I9: very strong
A10: 2026 GNSS/EW environment | B10: 1 | C10: USAF F-16 degraded GPS contribution | D10: 2020-12-08 | E10: US | F10: navigation information degradation | G10: Official military investigation found degraded GPS tracking substantially contributed to fatal accident. | H10: No evidence degradation was hostile jamming/spoofing; primary cause was spatial disorientation. | I10: conceptually strong / causally different
A11: 2026 GNSS/EW environment | B11: 2 | C11: USAF RQ-4 navigation-data issue | D11: 2017-06-21 | E11: US | F11: aircraft_avionics/navigation | G11: Official baseline case where navigation-data-device issue was causal to aircraft loss. | H11: Uncrewed platform; no evidence of external interference. | I11: conceptual
A12: Merlin Mk4 3 Jun unresolved fatal crash | B12: 1 | C12: RAF Hawk XX204 fatal crash | D12: 2018-03-20 | E12: UK | F12: historically unresolved-at-early-stage | G12: UK military fatal aviation accident with formal Service Inquiry process. | H12: Need equivalent-time investigation status from 2018 to compare resolution speed properly. | I12: contextual
A13: Hawk T2 23 Sep very recent crash | B13: 1 | C13: Finland F/A-18 display-practice crash | D13: 2025-05-07 | E13: Finland | F13: unknown_investigation | G13: Recent NATO training/display crash initially without public cause; pilot ejected. | H13: Different aircraft/service and event profile. | I13: contextual

Sheet Comparison_Readout
A1: USEFUL VLOOKUP — FIRST COMPARISON
A2: Question | B2: Does the assembled 2026 UK/civil cluster already look qualitatively unlike the historical controls?
A3: Answer supported by current workbook | B3: For civil ATM/digital failures: mostly no. We have strong pre-2026 matches for FDPS/computer, CPDLC/datalink, communications/connectivity and power failures.
A4: Where 2026 differs most | B4: Context: these events occur during an independently documented GNSS-jamming/spoofing environment and alongside several military accidents. The workbook does not establish a causal connection between those streams.
A5: Military result | B5: The current 2026 UK military cases are not mechanism-comparable yet because their causes are unresolved. Historical military losses include mundane mechanical/human/collision causes AND genuine navigation/information-system contributions.
A6: Most useful historical warning | B6: The 2020 USAF F-16 case proves degraded GPS can contribute to a fatal military accident without establishing hostile jamming/spoofing. 'Digital/nav relevant' and 'hostile EW' must remain separate variables.
A7: What does NOT currently look novel | B7: FDPS failures, CPDLC outages, communications failures, power failures, non-hostile training crashes, or temporarily unresolved investigations considered individually.
A8: What remains worth testing | B8: Whether 2026 has an unusual RATE or temporal concentration after exposure adjustment; whether unresolved military cases later acquire common navigation/EW/system signatures; whether redundancy failures cluster unusually.
A9: Current verdict field | B9: NO OVERALL VERDICT: qualitative matching is possible; NATO-wide rate inference still requires fuller denominators/coverage.
A11: Descriptive comparison count | B11: Count
A12: 2026 rows assessed | B12: 8
A13: Rows with good/very good/near-direct civil historical match | B13: 5
A14: GNSS/EW row with historical navigation relevance but no hostile-EW causal match | B14: 1
A15: Military rows too unresolved/recent for mechanism match | B15: 2
